titre,url,prix,auteur,note,nombre_avis,format,image_url,date_scraping,description,stock,isbn,editeur,date_publication,pages,rang_vente,categorie,page_source,image,etoiles
Notre Classe est une Famille,https://www.amazon.fr/Notre-Classe-est-une-Famille/dp/1735414115/ref=sr_1_67,"12,77 €",Shannon Olsen,"4,4 sur 5 étoiles, détails de l’évaluation",537,Broché,https://m.media-amazon.com/images/I/71yAEUaJeUL._AC_UY218_.jpg,2025-09-04T18:53:42.484851,Description non disponible depuis la recherche,Stock non disponible,ISBN non disponible,Éditeur non disponible,Date non disponible,Nombre de pages non disponible,Rang de vente non disponible,Informatique,5.0,,
Dictionnaire Le Robert de Poche langue française,https://www.amazon.fr/Dictionnaire-Robert-Poche-Nouvelle-%C3%89dition/dp/2321016558/ref=sr_1_68,"9,95 €",de Collectif | 7 mai 2021,"4,7 sur 5 étoiles, détails de l’évaluation",902,Broché,https://m.media-amazon.com/images/I/61+smzT17EL._AC_UY218_.jpg,2025-09-04T18:53:42.487857,Description non disponible depuis la recherche,Stock non disponible,ISBN non disponible,Éditeur non disponible,Date non disponible,Nombre de pages non disponible,Rang de vente non disponible,Informatique,5.0,,
La Confrérie de Nuada - Décidez de votre destin - La Saga de Dagda,https://www.amazon.fr/Confr%C3%A9rie-Nuada-D%C3%A9cidez-votre-destin/dp/2412102988/ref=sr_1_69,"15,95 €",Fabien Olicard,Note non disponible,0 avis,Broché,https://m.media-amazon.com/images/I/51I0FXWyd1L._AC_UY218_.jpg,2025-09-04T18:53:42.490354,Description non disponible depuis la recherche,Stock non disponible,ISBN non disponible,Éditeur non disponible,Date non disponible,Nombre de pages non disponible,Rang de vente non disponible,Informatique,5.0,,
Microméga Physique Chimie Cycle 4 - Ed 2025 - Mon carnet de labo,https://www.amazon.fr/Microm%C3%A9ga-Physique-Chimie-Cycle-carnet/dp/2401115900/ref=sr_1_70,"3,90 €",de Christophe Daujean et Fabrice Massa | 7 mai 2025,"4,2 sur 5 étoiles, détails de l’évaluation",24,Broché,https://m.media-amazon.com/images/I/71ZPWd8d5rL._AC_UY218_.jpg,2025-09-04T18:53:42.493350,Description non disponible depuis la recherche,Stock non disponible,ISBN non disponible,Éditeur non disponible,Date non disponible,Nombre de pages non disponible,Rang de vente non disponible,Informatique,5.0,,
Hypersensible par ici: Trouver sa place dans un monde qui ne nous comprend pas.,https://www.amazon.fr/Hypersensible-par-ici-Trouver-comprend/dp/B0F9SSXNZN/ref=sr_1_71,"18,90 €",Célestine Leroi,"4,9 sur 5 étoiles, détails de l’évaluation",42,Broché,https://m.media-amazon.com/images/I/61m-h5unbtL._AC_UY218_.jpg,2025-09-04T18:53:42.495768,Description non disponible depuis la recherche,Stock non disponible,ISBN non disponible,Éditeur non disponible,Date non disponible,Nombre de pages non disponible,Rang de vente non disponible,Informatique,5.0,,
"Un jour, un problème - MS/GS",https://www.amazon.fr/jour-probl%C3%A8me-MS-GS/dp/2095031474/ref=sr_1_72,"52,00 €",Florent Nouguez,"4,9 sur 5 étoiles, détails de l’évaluation",44,Broché,https://m.media-amazon.com/images/I/51j+NO8+YfL._AC_UY218_.jpg,2025-09-04T18:53:42.497844,Description non disponible depuis la recherche,Stock non disponible,ISBN non disponible,Éditeur non disponible,Date non disponible,Nombre de pages non disponible,Rang de vente non disponible,Informatique,5.0,,
Le dictionnaire Larousse Junior poche - 7/11 ans - CE/CM,https://www.amazon.fr/dictionnaire-Larousse-Junior-poche-ans/dp/2036068758/ref=sr_1_73,"11,95 €",Larousse,"5,0 sur 5 étoiles, détails de l’évaluation",4,Broché,https://m.media-amazon.com/images/I/71-S3dwSMXL._AC_UY218_.jpg,2025-09-04T18:53:42.499817,Description non disponible depuis la recherche,Stock non disponible,ISBN non disponible,Éditeur non disponible,Date non disponible,Nombre de pages non disponible,Rang de vente non disponible,Informatique,5.0,,
Réussir son entrée en grammaire CE1 (+ ressources numériques) - Nouvelle édition conforme aux programmes 2025,https://www.amazon.fr/R%C3%A9ussir-entr%C3%A9e-grammaire-ressources-num%C3%A9riques/dp/2725647428/ref=sr_1_74,"26,90 €",de Francoise Bellanger et Aurélie Raoul-Bellanger | 30 avril 2025,"3,8 sur 5 étoiles, détails de l’évaluation",5,Broché,https://m.media-amazon.com/images/I/51sgOasVO7L._AC_UY218_.jpg,2025-09-04T18:53:42.502338,Description non disponible depuis la recherche,Stock non disponible,ISBN non disponible,Éditeur non disponible,Date non disponible,Nombre de pages non disponible,Rang de vente non disponible,Informatique,5.0,,
Plus grand que le ciel,https://www.amazon.fr/Plus-grand-ciel-Virginie-Grimaldi/dp/2253251674/ref=sr_1_77,"8,90 €",Virginie Grimaldi,"4,4 sur 5 étoiles, détails de l’évaluation",6 080,Poche,https://m.media-amazon.com/images/I/71gTwGi7ntL._AC_UY218_.jpg,2025-09-04T18:53:42.511437,Description non disponible depuis la recherche,Stock non disponible,ISBN non disponible,Éditeur non disponible,Date non disponible,Nombre de pages non disponible,Rang de vente non disponible,Informatique,5.0,,
Tenir debout,https://www.amazon.fr/Tenir-debout-M%C3%A9lissa-Costa/dp/2253251712/ref=sr_1_78,"10,90 €",Mélissa Da Costa,"4,6 sur 5 étoiles, détails de l’évaluation",4 761,Poche,https://m.media-amazon.com/images/I/71-jQreuHLL._AC_UY218_.jpg,2025-09-04T18:53:42.514718,Description non disponible depuis la recherche,Stock non disponible,ISBN non disponible,Éditeur non disponible,Date non disponible,Nombre de pages non disponible,Rang de vente non disponible,Informatique,5.0,,
Les Ombres du monde : Rentrée littéraire 2025,https://www.amazon.fr/Ombres-monde-Rentr%C3%A9e-litt%C3%A9raire-2025-ebook/dp/B0F6Y9CF48/ref=sr_1_81,"16,99 €",Michel Bussi,"4,6 sur 5 étoiles, détails de l’évaluation",177,Format Kindle,https://m.media-amazon.com/images/I/814pVa3mavL._AC_UY218_.jpg,2025-09-04T18:53:42.522618,Description non disponible depuis la recherche,Stock non disponible,ISBN non disponible,Éditeur non disponible,Date non disponible,Nombre de pages non disponible,Rang de vente non disponible,Informatique,5.0,,
Le dictionnaire Larousse Super Major - 9/12 ans - CM/6e,https://www.amazon.fr/dictionnaire-Larousse-Super-Major-ans/dp/2036068537/ref=sr_1_82,"23,95 €",de COLLECTIF | 22 mai 2024,"4,7 sur 5 étoiles, détails de l’évaluation",72,Broché,https://m.media-amazon.com/images/I/813i6dDqKyL._AC_UY218_.jpg,2025-09-04T18:53:42.524956,Description non disponible depuis la recherche,Stock non disponible,ISBN non disponible,Éditeur non disponible,Date non disponible,Nombre de pages non disponible,Rang de vente non disponible,Informatique,5.0,,
Le Labo de grammaire 4e - Terre des Lettres,https://www.amazon.fr/Labo-grammaire-4e-Terre-Lettres/dp/2091716367/ref=sr_1_83,"8,90 €","de Véronique Marchais, Anne-Christine Denechère, et al. | 28 avril 2021","4,6 sur 5 étoiles, détails de l’évaluation",412,Broché,https://m.media-amazon.com/images/I/718wN2W+NTS._AC_UY218_.jpg,2025-09-04T18:53:52.143117,Description non disponible depuis la recherche,Stock non disponible,ISBN non disponible,Éditeur non disponible,Date non disponible,Nombre de pages non disponible,Rang de vente non disponible,Informatique,6.0,,
OURAGAN: 30 siècles de vies communes,https://www.amazon.fr/OURAGAN-30-si%C3%A8cles-vies-communes/dp/2487397039/ref=sr_1_84,"30,00 €",Marc AUBURN,"4,6 sur 5 étoiles, détails de l’évaluation",115,Broché,https://m.media-amazon.com/images/I/61AI6RjCgnL._AC_UY218_.jpg,2025-09-04T18:53:52.146596,Description non disponible depuis la recherche,Stock non disponible,ISBN non disponible,Éditeur non disponible,Date non disponible,Nombre de pages non disponible,Rang de vente non disponible,Informatique,6.0,,
Une année de phonologie GS,https://www.amazon.fr/Une-ann%C3%A9e-phonologie-Marie-Christine-Lorho/dp/2223114660/ref=sr_1_85,"59,00 €",Marie-Christine Lorho,"4,7 sur 5 étoiles, détails de l’évaluation",111,Broché,https://m.media-amazon.com/images/I/619bEtPz06L._AC_UY218_.jpg,2025-09-04T18:53:52.148615,Description non disponible depuis la recherche,Stock non disponible,ISBN non disponible,Éditeur non disponible,Date non disponible,Nombre de pages non disponible,Rang de vente non disponible,Informatique,6.0,,
Toxic veggies: La face cachée des super-aliments,https://www.amazon.fr/Toxic-veggies-face-cach%C3%A9e-super-aliments/dp/2365498876/ref=sr_1_87,"23,90 €",Sally Norton,"4,4 sur 5 étoiles, détails de l’évaluation",25,Relié,https://m.media-amazon.com/images/I/71NIaD-G8vL._AC_UY218_.jpg,2025-09-04T18:53:52.153829,Description non disponible depuis la recherche,Stock non disponible,ISBN non disponible,Éditeur non disponible,Date non disponible,Nombre de pages non disponible,Rang de vente non disponible,Informatique,6.0,,
Antigone,https://www.amazon.fr/Antigone-Jean-Anouilh/dp/2710381419/ref=sr_1_88,"6,50 €",Jean Anouilh,"4,6 sur 5 étoiles, détails de l’évaluation",6 117,Poche,https://m.media-amazon.com/images/I/71EoBhWCc4L._AC_UY218_.jpg,2025-09-04T18:53:52.156151,Description non disponible depuis la recherche,Stock non disponible,ISBN non disponible,Éditeur non disponible,Date non disponible,Nombre de pages non disponible,Rang de vente non disponible,Informatique,6.0,,
Français - Mon cahier d'activités - 3e - Edition 2021,https://www.amazon.fr/Fran%C3%A7ais-Mon-cahier-dactivit%C3%A9s-2021/dp/2091712973/ref=sr_1_89,"6,50 €","de Pierre-Alain Chiffre, Anne Révert, et al. | 28 avril 2021","4,7 sur 5 étoiles, détails de l’évaluation",970,Broché,https://m.media-amazon.com/images/I/61WwTw6NgQS._AC_UY218_.jpg,2025-09-04T18:53:52.158874,Description non disponible depuis la recherche,Stock non disponible,ISBN non disponible,Éditeur non disponible,Date non disponible,Nombre de pages non disponible,Rang de vente non disponible,Informatique,6.0,,
Agenda Zair 2025-2026,https://www.amazon.fr/Agenda-Zair-2025-2026-Batzair/dp/2017304042/ref=sr_1_90,"14,95 €",Carnet d'adresse,"4,5 sur 5 étoiles, détails de l’évaluation",8,Carnet d'adresse,https://m.media-amazon.com/images/I/7168qIqyJ1L._AC_UY218_.jpg,2025-09-04T18:53:52.160986,Description non disponible depuis la recherche,Stock non disponible,ISBN non disponible,Éditeur non disponible,Date non disponible,Nombre de pages non disponible,Rang de vente non disponible,Informatique,6.0,,
"Corps, amour, sexualité : les 120 questions que vos enfants vont vous poser Nouvelle édition...: Le premier guide d'éducation à la sexualité positive pour toutes les familles",https://www.amazon.fr/Corps-amour-sexualit%C3%A9-questions-d%C3%A9ducation/dp/2226478450/ref=sr_1_93,"16,90 €",Charline VERMONT,"4,7 sur 5 étoiles, détails de l’évaluation",445,Broché,https://m.media-amazon.com/images/I/71XbMtJEj+L._AC_UY218_.jpg,2025-09-04T18:53:52.169919,Description non disponible depuis la recherche,Stock non disponible,ISBN non disponible,Éditeur non disponible,Date non disponible,Nombre de pages non disponible,Rang de vente non disponible,Informatique,6.0,,
Dictionnaire Larousse poche Espagnol,https://www.amazon.fr/Dictionnaire-Larousse-poche-Espagnol/dp/2036021875/ref=sr_1_94,"9,95 €",de Collectif | 8 juin 2022,"4,7 sur 5 étoiles, détails de l’évaluation",859,Broché,https://m.media-amazon.com/images/I/81tC+jM-4nL._AC_UY218_.jpg,2025-09-04T18:53:52.173610,Description non disponible depuis la recherche,Stock non disponible,ISBN non disponible,Éditeur non disponible,Date non disponible,Nombre de pages non disponible,Rang de vente non disponible,Informatique,6.0,,
Le Mur invisible (Prépas scientifiques 2025-2026),https://www.amazon.fr/Mur-invisible-Pr%C3%A9pas-scientifiques-2025-2026/dp/2330210078/ref=sr_1_95,"9,20 €",Marlen Haushofer,"4,3 sur 5 étoiles, détails de l’évaluation",586,Poche,https://m.media-amazon.com/images/I/71wmFHRt3bL._AC_UY218_.jpg,2025-09-04T18:53:52.176937,Description non disponible depuis la recherche,Stock non disponible,ISBN non disponible,Éditeur non disponible,Date non disponible,Nombre de pages non disponible,Rang de vente non disponible,Informatique,6.0,,
Mon incroyable agenda 2025-2026,https://www.amazon.fr/incroyable-agenda-2025-2026-Lucile-Saison/dp/2223011128/ref=sr_1_96,"9,90 €",de Lucile Saison et Cindy Chauvin | 25 avril 2025,"4,9 sur 5 étoiles, détails de l’évaluation",13,Broché,https://m.media-amazon.com/images/I/613oZPYaz+L._AC_UY218_.jpg,2025-09-04T18:53:52.179284,Description non disponible depuis la recherche,Stock non disponible,ISBN non disponible,Éditeur non disponible,Date non disponible,Nombre de pages non disponible,Rang de vente non disponible,Informatique,6.0,,
La Grammaire par les exercices 6e,https://www.amazon.fr/Grammaire-par-exercices-6e/dp/2047404886/ref=sr_1_97,"6,60 €",Joëlle Paul,"4,7 sur 5 étoiles, détails de l’évaluation",1 296,Broché,https://m.media-amazon.com/images/I/61wO1xE-M-L._AC_UY218_.jpg,2025-09-04T18:53:52.181151,Description non disponible depuis la recherche,Stock non disponible,ISBN non disponible,Éditeur non disponible,Date non disponible,Nombre de pages non disponible,Rang de vente non disponible,Informatique,6.0,,
"Agenda Oxford Teacher scolaire 2025-2026 Semainier spiralé 21x29,7cm Gris",https://www.amazon.fr/Oxford-Semainier-Professeur-Compatible-Smartphone/dp/B004XO1UVW/ref=sr_1_98,"21,49 €",Fournitures de bureau,"4,5 sur 5 étoiles, détails de l’évaluation",480,Fournitures de bureau,https://m.media-amazon.com/images/I/61is4j93oHS._AC_UY218_.jpg,2025-09-04T18:53:52.183294,Description non disponible depuis la recherche,Stock non disponible,ISBN non disponible,Éditeur non disponible,Date non disponible,Nombre de pages non disponible,Rang de vente non disponible,Informatique,6.0,,
