nom_categorie,url,nom_fichier,nb_sous_categories,timestamp
Voir plus,https://www.amazon.fr/s?n=301061&i=stripbooks&sort=popularity-rank&p_72=4-&ref_=Oct_d_otopr_S&pd_rd_w=b7690&content-id=amzn1.sym.fd35f9f2-1aca-4d5e-befe-a52647ead21e&pf_rd_p=fd35f9f2-1aca-4d5e-befe-a52647ead21e&pf_rd_r=RH369CG6CY05Z7ZRC5V7&pd_rd_wg=TcyWG&pd_rd_r=23c60f36-c6f1-43fb-8fb4-59d764073c73,voir_plus,85,2025-09-12T16:20:19.122088
Voir plus > Recevez-le aujourd'hui,https://www.amazon.fr/s?i=stripbooks&rh=n%3A301061%2Cp_72%3A184904031%2Cp_90%3A6828315031&s=popularity-rank&dc&content-id=amzn1.sym.fd35f9f2-1aca-4d5e-befe-a52647ead21e&pd_rd_r=23c60f36-c6f1-43fb-8fb4-59d764073c73&pd_rd_w=b7690&pd_rd_wg=TcyWG&pf_rd_p=fd35f9f2-1aca-4d5e-befe-a52647ead21e&pf_rd_r=RH369CG6CY05Z7ZRC5V7&qid=1757686819&rnid=6828314031&ref=sr_nr_p_90_1&ds=v1%3A3NNJnT%2BfxH0TL1tWpl7o139k5d79iJZfxwUtpGmXx1w,recevez_le_aujourd_hui,0,2025-09-12T16:20:20.094075
Voir plus > Recevez-le d'ici demain,https://www.amazon.fr/s?i=stripbooks&rh=n%3A301061%2Cp_72%3A184904031%2Cp_90%3A6828316031&s=popularity-rank&dc&content-id=amzn1.sym.fd35f9f2-1aca-4d5e-befe-a52647ead21e&pd_rd_r=23c60f36-c6f1-43fb-8fb4-59d764073c73&pd_rd_w=b7690&pd_rd_wg=TcyWG&pf_rd_p=fd35f9f2-1aca-4d5e-befe-a52647ead21e&pf_rd_r=RH369CG6CY05Z7ZRC5V7&qid=1757686819&rnid=6828314031&ref=sr_nr_p_90_2&ds=v1%3AcUqm3XDEa7YMkSB%2BwM8PatzROtw2FDv3bXNXeFlePx8,recevez_le_d_ici_demain,0,2025-09-12T16:20:20.094094
"Voir plus > Actualité, Politique et Société",https://www.amazon.fr/s?i=stripbooks&rh=n%3A301061%2Cn%3A689215031%2Cp_72%3A184904031&s=popularity-rank&dc&content-id=amzn1.sym.fd35f9f2-1aca-4d5e-befe-a52647ead21e&pd_rd_r=23c60f36-c6f1-43fb-8fb4-59d764073c73&pd_rd_w=b7690&pd_rd_wg=TcyWG&pf_rd_p=fd35f9f2-1aca-4d5e-befe-a52647ead21e&pf_rd_r=RH369CG6CY05Z7ZRC5V7&qid=1757686819&rnid=301061&ref=sr_nr_n_1&ds=v1%3AGDiWSAwSej2PHWJEw6jHNizJDudN6zmiPgjNFYttuek,actualité_politique_et_société,0,2025-09-12T16:20:20.094100
Voir plus > Adolescents,https://www.amazon.fr/s?i=stripbooks&rh=n%3A301061%2Cn%3A4237308031%2Cp_72%3A184904031&s=popularity-rank&dc&content-id=amzn1.sym.fd35f9f2-1aca-4d5e-befe-a52647ead21e&pd_rd_r=23c60f36-c6f1-43fb-8fb4-59d764073c73&pd_rd_w=b7690&pd_rd_wg=TcyWG&pf_rd_p=fd35f9f2-1aca-4d5e-befe-a52647ead21e&pf_rd_r=RH369CG6CY05Z7ZRC5V7&qid=1757686819&rnid=301061&ref=sr_nr_n_2&ds=v1%3AxmIFAM%2BENavivM0jiBETKqK%2BEN0AHq2rVDxnaSnoFrE,adolescents,0,2025-09-12T16:20:20.094103
Voir plus > Arts et photographie,https://www.amazon.fr/s?i=stripbooks&rh=n%3A301061%2Cn%3A301144%2Cp_72%3A184904031&s=popularity-rank&dc&content-id=amzn1.sym.fd35f9f2-1aca-4d5e-befe-a52647ead21e&pd_rd_r=23c60f36-c6f1-43fb-8fb4-59d764073c73&pd_rd_w=b7690&pd_rd_wg=TcyWG&pf_rd_p=fd35f9f2-1aca-4d5e-befe-a52647ead21e&pf_rd_r=RH369CG6CY05Z7ZRC5V7&qid=1757686819&rnid=301061&ref=sr_nr_n_3&ds=v1%3AnzQ3cAG60KwdfG%2BxtOrpiQDVXWBy22C4U5VnfMXmauI,arts_et_photographie,0,2025-09-12T16:20:20.094107
Voir plus > Bandes dessinées,https://www.amazon.fr/s?i=stripbooks&rh=n%3A301061%2Cn%3A301133%2Cp_72%3A184904031&s=popularity-rank&dc&content-id=amzn1.sym.fd35f9f2-1aca-4d5e-befe-a52647ead21e&pd_rd_r=23c60f36-c6f1-43fb-8fb4-59d764073c73&pd_rd_w=b7690&pd_rd_wg=TcyWG&pf_rd_p=fd35f9f2-1aca-4d5e-befe-a52647ead21e&pf_rd_r=RH369CG6CY05Z7ZRC5V7&qid=1757686819&rnid=301061&ref=sr_nr_n_4&ds=v1%3AeI4FgIxHK1BK8T%2F8GA23TKib62HJ0w%2F%2F9tXnSoPhS7g,bandes_dessinées,0,2025-09-12T16:20:20.094110
Voir plus > Beaux livres,https://www.amazon.fr/s?i=stripbooks&rh=n%3A301061%2Cn%3A293136011%2Cp_72%3A184904031&s=popularity-rank&dc&content-id=amzn1.sym.fd35f9f2-1aca-4d5e-befe-a52647ead21e&pd_rd_r=23c60f36-c6f1-43fb-8fb4-59d764073c73&pd_rd_w=b7690&pd_rd_wg=TcyWG&pf_rd_p=fd35f9f2-1aca-4d5e-befe-a52647ead21e&pf_rd_r=RH369CG6CY05Z7ZRC5V7&qid=1757686819&rnid=301061&ref=sr_nr_n_5&ds=v1%3A2NzOV%2Fw7BRG4bdTwuakV9pf3p7rav1M8siH5EIZ%2FFDU,beaux_livres,0,2025-09-12T16:20:20.094113
Voir plus > Calendriers et Agendas,https://www.amazon.fr/s?i=stripbooks&rh=n%3A301061%2Cn%3A8434456031%2Cp_72%3A184904031&s=popularity-rank&dc&content-id=amzn1.sym.fd35f9f2-1aca-4d5e-befe-a52647ead21e&pd_rd_r=23c60f36-c6f1-43fb-8fb4-59d764073c73&pd_rd_w=b7690&pd_rd_wg=TcyWG&pf_rd_p=fd35f9f2-1aca-4d5e-befe-a52647ead21e&pf_rd_r=RH369CG6CY05Z7ZRC5V7&qid=1757686819&rnid=301061&ref=sr_nr_n_6&ds=v1%3AFieM3Iw9LgZwPFbUWjIsuszLfU328gj9zw%2BN0NdVHKs,calendriers_et_agendas,0,2025-09-12T16:20:20.094116
"Voir plus > Livres de cuisine, cuisine et vins",https://www.amazon.fr/s?i=stripbooks&rh=n%3A301061%2Cn%3A302050%2Cp_72%3A184904031&s=popularity-rank&dc&content-id=amzn1.sym.fd35f9f2-1aca-4d5e-befe-a52647ead21e&pd_rd_r=23c60f36-c6f1-43fb-8fb4-59d764073c73&pd_rd_w=b7690&pd_rd_wg=TcyWG&pf_rd_p=fd35f9f2-1aca-4d5e-befe-a52647ead21e&pf_rd_r=RH369CG6CY05Z7ZRC5V7&qid=1757686819&rnid=301061&ref=sr_nr_n_7&ds=v1%3A%2BJ8FFxFjehiiNglXnaAuVvxR5m79DA%2BIuPqF%2F4Au%2FDk,livres_de_cuisine_cuisine_et_vins,0,2025-09-12T16:20:20.094120
Voir plus > Référence,https://www.amazon.fr/s?i=stripbooks&rh=n%3A301061%2Cn%3A301147%2Cp_72%3A184904031&s=popularity-rank&dc&content-id=amzn1.sym.fd35f9f2-1aca-4d5e-befe-a52647ead21e&pd_rd_r=23c60f36-c6f1-43fb-8fb4-59d764073c73&pd_rd_w=b7690&pd_rd_wg=TcyWG&pf_rd_p=fd35f9f2-1aca-4d5e-befe-a52647ead21e&pf_rd_r=RH369CG6CY05Z7ZRC5V7&qid=1757686819&rnid=301061&ref=sr_nr_n_8&ds=v1%3AY0luRM1aiDtruhSaLTrAKOUTrmNtDpL%2FkAhGLwAAp7E,référence,0,2025-09-12T16:20:20.094123
Voir plus > Droit,https://www.amazon.fr/s?i=stripbooks&rh=n%3A301061%2Cn%3A301985%2Cp_72%3A184904031&s=popularity-rank&dc&content-id=amzn1.sym.fd35f9f2-1aca-4d5e-befe-a52647ead21e&pd_rd_r=23c60f36-c6f1-43fb-8fb4-59d764073c73&pd_rd_w=b7690&pd_rd_wg=TcyWG&pf_rd_p=fd35f9f2-1aca-4d5e-befe-a52647ead21e&pf_rd_r=RH369CG6CY05Z7ZRC5V7&qid=1757686819&rnid=301061&ref=sr_nr_n_9&ds=v1%3AE0hLOXBDPsiRW8ekdjW6Kx6YxgLB38DQom%2FJxUqA1bM,droit,0,2025-09-12T16:20:20.094126
Voir plus > Entreprise et Bourse,https://www.amazon.fr/s?i=stripbooks&rh=n%3A301061%2Cn%3A301135%2Cp_72%3A184904031&s=popularity-rank&dc&content-id=amzn1.sym.fd35f9f2-1aca-4d5e-befe-a52647ead21e&pd_rd_r=23c60f36-c6f1-43fb-8fb4-59d764073c73&pd_rd_w=b7690&pd_rd_wg=TcyWG&pf_rd_p=fd35f9f2-1aca-4d5e-befe-a52647ead21e&pf_rd_r=RH369CG6CY05Z7ZRC5V7&qid=1757686819&rnid=301061&ref=sr_nr_n_10&ds=v1%3ARdp5XcRxKy1fLYtYiKBtM03xqoEaIw1%2F8TQhrUP2jf0,entreprise_et_bourse,0,2025-09-12T16:20:20.094129
Voir plus > Érotisme,https://www.amazon.fr/s?i=stripbooks&rh=n%3A301061%2Cn%3A573312%2Cp_72%3A184904031&s=popularity-rank&dc&content-id=amzn1.sym.fd35f9f2-1aca-4d5e-befe-a52647ead21e&pd_rd_r=23c60f36-c6f1-43fb-8fb4-59d764073c73&pd_rd_w=b7690&pd_rd_wg=TcyWG&pf_rd_p=fd35f9f2-1aca-4d5e-befe-a52647ead21e&pf_rd_r=RH369CG6CY05Z7ZRC5V7&qid=1757686819&rnid=301061&ref=sr_nr_n_11&ds=v1%3AJuWSVEUHWq79CpeVN5XIHxET7iwT05WHmzLrRTg25d0,érotisme,0,2025-09-12T16:20:20.094132
Voir plus > Études supérieures,https://www.amazon.fr/s?i=stripbooks&rh=n%3A301061%2Cn%3A3961911%2Cp_72%3A184904031&s=popularity-rank&dc&content-id=amzn1.sym.fd35f9f2-1aca-4d5e-befe-a52647ead21e&pd_rd_r=23c60f36-c6f1-43fb-8fb4-59d764073c73&pd_rd_w=b7690&pd_rd_wg=TcyWG&pf_rd_p=fd35f9f2-1aca-4d5e-befe-a52647ead21e&pf_rd_r=RH369CG6CY05Z7ZRC5V7&qid=1757686819&rnid=301061&ref=sr_nr_n_12&ds=v1%3A8wr7tOFnz7H9vjxNuJgf8PwIX5UyQR6k2OPNncwipeg,études_supérieures,0,2025-09-12T16:20:20.094135
Voir plus > Famille et bien-être,https://www.amazon.fr/s?i=stripbooks&rh=n%3A301061%2Cn%3A301142%2Cp_72%3A184904031&s=popularity-rank&dc&content-id=amzn1.sym.fd35f9f2-1aca-4d5e-befe-a52647ead21e&pd_rd_r=23c60f36-c6f1-43fb-8fb4-59d764073c73&pd_rd_w=b7690&pd_rd_wg=TcyWG&pf_rd_p=fd35f9f2-1aca-4d5e-befe-a52647ead21e&pf_rd_r=RH369CG6CY05Z7ZRC5V7&qid=1757686819&rnid=301061&ref=sr_nr_n_13&ds=v1%3A48IuFIU6P6%2F91mHFIGpenHN9mT%2BpWvmW3quZjAN3Cxk,famille_et_bien_être,0,2025-09-12T16:20:20.094139
Voir plus > Science-fiction et Fantasy,https://www.amazon.fr/s?i=stripbooks&rh=n%3A301061%2Cn%3A301138%2Cp_72%3A184904031&s=popularity-rank&dc&content-id=amzn1.sym.fd35f9f2-1aca-4d5e-befe-a52647ead21e&pd_rd_r=23c60f36-c6f1-43fb-8fb4-59d764073c73&pd_rd_w=b7690&pd_rd_wg=TcyWG&pf_rd_p=fd35f9f2-1aca-4d5e-befe-a52647ead21e&pf_rd_r=RH369CG6CY05Z7ZRC5V7&qid=1757686819&rnid=301061&ref=sr_nr_n_14&ds=v1%3AM9gP7AsrApyOd6lrBTH2CBHZbHGWMwnSEGXlUQ159ms,science_fiction_et_fantasy,0,2025-09-12T16:20:20.094142
Voir plus > Histoire,https://www.amazon.fr/s?i=stripbooks&rh=n%3A301061%2Cn%3A689214031%2Cp_72%3A184904031&s=popularity-rank&dc&content-id=amzn1.sym.fd35f9f2-1aca-4d5e-befe-a52647ead21e&pd_rd_r=23c60f36-c6f1-43fb-8fb4-59d764073c73&pd_rd_w=b7690&pd_rd_wg=TcyWG&pf_rd_p=fd35f9f2-1aca-4d5e-befe-a52647ead21e&pf_rd_r=RH369CG6CY05Z7ZRC5V7&qid=1757686819&rnid=301061&ref=sr_nr_n_15&ds=v1%3AeKclmEP0m%2BMsk0Xds7iX094djXE4wDT8h1lJIiopDak,histoire,0,2025-09-12T16:20:20.094145
Voir plus > Humour,https://www.amazon.fr/s?i=stripbooks&rh=n%3A301061%2Cn%3A302009%2Cp_72%3A184904031&s=popularity-rank&dc&content-id=amzn1.sym.fd35f9f2-1aca-4d5e-befe-a52647ead21e&pd_rd_r=23c60f36-c6f1-43fb-8fb4-59d764073c73&pd_rd_w=b7690&pd_rd_wg=TcyWG&pf_rd_p=fd35f9f2-1aca-4d5e-befe-a52647ead21e&pf_rd_r=RH369CG6CY05Z7ZRC5V7&qid=1757686819&rnid=301061&ref=sr_nr_n_16&ds=v1%3Ax4n57c7t247KoDddnu6E7x%2FL3rG%2FWBOIsfapbTURmsY,humour,0,2025-09-12T16:20:20.094147
Voir plus > Informatique et internet,https://www.amazon.fr/s?i=stripbooks&rh=n%3A301061%2Cn%3A301131%2Cp_72%3A184904031&s=popularity-rank&dc&content-id=amzn1.sym.fd35f9f2-1aca-4d5e-befe-a52647ead21e&pd_rd_r=23c60f36-c6f1-43fb-8fb4-59d764073c73&pd_rd_w=b7690&pd_rd_wg=TcyWG&pf_rd_p=fd35f9f2-1aca-4d5e-befe-a52647ead21e&pf_rd_r=RH369CG6CY05Z7ZRC5V7&qid=1757686819&rnid=301061&ref=sr_nr_n_17&ds=v1%3A8ymvRlEBpE%2BPzSmNlgRfuBoQEX6wvmYzrm7%2BJ0fAk4Q,informatique_et_internet,0,2025-09-12T16:20:20.094151
Voir plus > Livres pour enfants,https://www.amazon.fr/s?i=stripbooks&rh=n%3A301061%2Cn%3A301137%2Cp_72%3A184904031&s=popularity-rank&dc&content-id=amzn1.sym.fd35f9f2-1aca-4d5e-befe-a52647ead21e&pd_rd_r=23c60f36-c6f1-43fb-8fb4-59d764073c73&pd_rd_w=b7690&pd_rd_wg=TcyWG&pf_rd_p=fd35f9f2-1aca-4d5e-befe-a52647ead21e&pf_rd_r=RH369CG6CY05Z7ZRC5V7&qid=1757686819&rnid=301061&ref=sr_nr_n_18&ds=v1%3Aegu6jWMHnjgU7VDIsjyFOSwuDdpjro17ilyYXWEdsYQ,livres_pour_enfants,0,2025-09-12T16:20:20.094154
"Voir plus > Loisirs créatifs, décoration et maison",https://www.amazon.fr/s?i=stripbooks&rh=n%3A301061%2Cn%3A355635011%2Cp_72%3A184904031&s=popularity-rank&dc&content-id=amzn1.sym.fd35f9f2-1aca-4d5e-befe-a52647ead21e&pd_rd_r=23c60f36-c6f1-43fb-8fb4-59d764073c73&pd_rd_w=b7690&pd_rd_wg=TcyWG&pf_rd_p=fd35f9f2-1aca-4d5e-befe-a52647ead21e&pf_rd_r=RH369CG6CY05Z7ZRC5V7&qid=1757686819&rnid=301061&ref=sr_nr_n_19&ds=v1%3Aqs1Kpka2%2FGI3uinLHCI45d%2FCLS93LFDwdyaOlBqmCQ4,loisirs_créatifs_décoration_et_maison,0,2025-09-12T16:20:20.094158
Voir plus > Manga,https://www.amazon.fr/s?i=stripbooks&rh=n%3A301061%2Cn%3A302004%2Cp_72%3A184904031&s=popularity-rank&dc&content-id=amzn1.sym.fd35f9f2-1aca-4d5e-befe-a52647ead21e&pd_rd_r=23c60f36-c6f1-43fb-8fb4-59d764073c73&pd_rd_w=b7690&pd_rd_wg=TcyWG&pf_rd_p=fd35f9f2-1aca-4d5e-befe-a52647ead21e&pf_rd_r=RH369CG6CY05Z7ZRC5V7&qid=1757686819&rnid=301061&ref=sr_nr_n_20&ds=v1%3Ayl9c52cM2W7yjohf0PQjLzsPdZnApminFwatlDXIp48,manga,0,2025-09-12T16:20:20.094161
Voir plus > Nature et animaux,https://www.amazon.fr/s?i=stripbooks&rh=n%3A301061%2Cn%3A355636011%2Cp_72%3A184904031&s=popularity-rank&dc&content-id=amzn1.sym.fd35f9f2-1aca-4d5e-befe-a52647ead21e&pd_rd_r=23c60f36-c6f1-43fb-8fb4-59d764073c73&pd_rd_w=b7690&pd_rd_wg=TcyWG&pf_rd_p=fd35f9f2-1aca-4d5e-befe-a52647ead21e&pf_rd_r=RH369CG6CY05Z7ZRC5V7&qid=1757686819&rnid=301061&ref=sr_nr_n_21&ds=v1%3AoBzKVRsGwr6zhVq1KJroLnguhbu6pbb3PBL2YXrWdCg,nature_et_animaux,0,2025-09-12T16:20:20.094164
Voir plus > Religions et Spiritualités,https://www.amazon.fr/s?i=stripbooks&rh=n%3A301061%2Cn%3A301997%2Cp_72%3A184904031&s=popularity-rank&dc&content-id=amzn1.sym.fd35f9f2-1aca-4d5e-befe-a52647ead21e&pd_rd_r=23c60f36-c6f1-43fb-8fb4-59d764073c73&pd_rd_w=b7690&pd_rd_wg=TcyWG&pf_rd_p=fd35f9f2-1aca-4d5e-befe-a52647ead21e&pf_rd_r=RH369CG6CY05Z7ZRC5V7&qid=1757686819&rnid=301061&ref=sr_nr_n_22&ds=v1%3AY0cVyerKBURY4wNpUUl%2FTEZ4TxzJuu10j4XgaDc6%2B6M,religions_et_spiritualités,0,2025-09-12T16:20:20.094167
Voir plus > Romance et littérature sentimentale,https://www.amazon.fr/s?i=stripbooks&rh=n%3A301061%2Cn%3A302042%2Cp_72%3A184904031&s=popularity-rank&dc&content-id=amzn1.sym.fd35f9f2-1aca-4d5e-befe-a52647ead21e&pd_rd_r=23c60f36-c6f1-43fb-8fb4-59d764073c73&pd_rd_w=b7690&pd_rd_wg=TcyWG&pf_rd_p=fd35f9f2-1aca-4d5e-befe-a52647ead21e&pf_rd_r=RH369CG6CY05Z7ZRC5V7&qid=1757686819&rnid=301061&ref=sr_nr_n_23&ds=v1%3A8c9LWP4s8isgXOqN%2BqK0kcxX9EpMrAezp%2FnWxMKqLo0,romance_et_littérature_sentimentale,0,2025-09-12T16:20:20.094171
Voir plus > Romans et littérature,https://www.amazon.fr/s?i=stripbooks&rh=n%3A301061%2Cn%3A301132%2Cp_72%3A184904031&s=popularity-rank&dc&content-id=amzn1.sym.fd35f9f2-1aca-4d5e-befe-a52647ead21e&pd_rd_r=23c60f36-c6f1-43fb-8fb4-59d764073c73&pd_rd_w=b7690&pd_rd_wg=TcyWG&pf_rd_p=fd35f9f2-1aca-4d5e-befe-a52647ead21e&pf_rd_r=RH369CG6CY05Z7ZRC5V7&qid=1757686819&rnid=301061&ref=sr_nr_n_24&ds=v1%3ARS4xXIZsk9rZj7dwTCP9otT1gdboYu0auxxFrrR6G%2Bo,romans_et_littérature,0,2025-09-12T16:20:20.094174
Voir plus > Mystère et suspense,https://www.amazon.fr/s?i=stripbooks&rh=n%3A301061%2Cn%3A301134%2Cp_72%3A184904031&s=popularity-rank&dc&content-id=amzn1.sym.fd35f9f2-1aca-4d5e-befe-a52647ead21e&pd_rd_r=23c60f36-c6f1-43fb-8fb4-59d764073c73&pd_rd_w=b7690&pd_rd_wg=TcyWG&pf_rd_p=fd35f9f2-1aca-4d5e-befe-a52647ead21e&pf_rd_r=RH369CG6CY05Z7ZRC5V7&qid=1757686819&rnid=301061&ref=sr_nr_n_25&ds=v1%3Ar4m1iMlIf2qCv4b6u5pdx8Z25nrOfvI8FFa7cvOJk48,mystère_et_suspense,0,2025-09-12T16:20:20.094177
"Voir plus > Santé, Forme et Diététique",https://www.amazon.fr/s?i=stripbooks&rh=n%3A301061%2Cn%3A12641896031%2Cp_72%3A184904031&s=popularity-rank&dc&content-id=amzn1.sym.fd35f9f2-1aca-4d5e-befe-a52647ead21e&pd_rd_r=23c60f36-c6f1-43fb-8fb4-59d764073c73&pd_rd_w=b7690&pd_rd_wg=TcyWG&pf_rd_p=fd35f9f2-1aca-4d5e-befe-a52647ead21e&pf_rd_r=RH369CG6CY05Z7ZRC5V7&qid=1757686819&rnid=301061&ref=sr_nr_n_26&ds=v1%3AdYG3appL%2FwwSZOwRDop3Bu69NCwFpSrD3LAr1pTyfOo,santé_forme_et_diététique,0,2025-09-12T16:20:20.094181
Voir plus > Science-Fiction,https://www.amazon.fr/s?i=stripbooks&rh=n%3A301061%2Cn%3A1381962031%2Cp_72%3A184904031&s=popularity-rank&dc&content-id=amzn1.sym.fd35f9f2-1aca-4d5e-befe-a52647ead21e&pd_rd_r=23c60f36-c6f1-43fb-8fb4-59d764073c73&pd_rd_w=b7690&pd_rd_wg=TcyWG&pf_rd_p=fd35f9f2-1aca-4d5e-befe-a52647ead21e&pf_rd_r=RH369CG6CY05Z7ZRC5V7&qid=1757686819&rnid=301061&ref=sr_nr_n_27&ds=v1%3Aeq9xzYxJEKgi1FcXPxZeCG1fsw1YXCPdvtdTa2413KU,science_fiction,0,2025-09-12T16:20:20.094184
"Voir plus > Sciences, Techniques et Médecine",https://www.amazon.fr/s?i=stripbooks&rh=n%3A301061%2Cn%3A301141%2Cp_72%3A184904031&s=popularity-rank&dc&content-id=amzn1.sym.fd35f9f2-1aca-4d5e-befe-a52647ead21e&pd_rd_r=23c60f36-c6f1-43fb-8fb4-59d764073c73&pd_rd_w=b7690&pd_rd_wg=TcyWG&pf_rd_p=fd35f9f2-1aca-4d5e-befe-a52647ead21e&pf_rd_r=RH369CG6CY05Z7ZRC5V7&qid=1757686819&rnid=301061&ref=sr_nr_n_28&ds=v1%3AOhPFA2lfSRoSsamAXtwSW2DSsJqkG9xhpZJ%2BkjbDmYM,sciences_techniques_et_médecine,0,2025-09-12T16:20:20.094188
Voir plus > Sciences humaines,https://www.amazon.fr/s?i=stripbooks&rh=n%3A301061%2Cn%3A301139%2Cp_72%3A184904031&s=popularity-rank&dc&content-id=amzn1.sym.fd35f9f2-1aca-4d5e-befe-a52647ead21e&pd_rd_r=23c60f36-c6f1-43fb-8fb4-59d764073c73&pd_rd_w=b7690&pd_rd_wg=TcyWG&pf_rd_p=fd35f9f2-1aca-4d5e-befe-a52647ead21e&pf_rd_r=RH369CG6CY05Z7ZRC5V7&qid=1757686819&rnid=301061&ref=sr_nr_n_29&ds=v1%3A94LPmq%2B4sHJXXIrML7s3QREpPt6V4nYCRepoqSTxREc,sciences_humaines,0,2025-09-12T16:20:20.094191
Voir plus > Scolaire et Parascolaire,https://www.amazon.fr/s?i=stripbooks&rh=n%3A301061%2Cn%3A301146%2Cp_72%3A184904031&s=popularity-rank&dc&content-id=amzn1.sym.fd35f9f2-1aca-4d5e-befe-a52647ead21e&pd_rd_r=23c60f36-c6f1-43fb-8fb4-59d764073c73&pd_rd_w=b7690&pd_rd_wg=TcyWG&pf_rd_p=fd35f9f2-1aca-4d5e-befe-a52647ead21e&pf_rd_r=RH369CG6CY05Z7ZRC5V7&qid=1757686819&rnid=301061&ref=sr_nr_n_30&ds=v1%3AVk%2BLY4eoYrobOEgcoTph%2BluzRvv7woLBSzJJbxNFCAM,scolaire_et_parascolaire,0,2025-09-12T16:20:20.094194
Voir plus > Sports et loisirs,https://www.amazon.fr/s?i=stripbooks&rh=n%3A301061%2Cn%3A302049%2Cp_72%3A184904031&s=popularity-rank&dc&content-id=amzn1.sym.fd35f9f2-1aca-4d5e-befe-a52647ead21e&pd_rd_r=23c60f36-c6f1-43fb-8fb4-59d764073c73&pd_rd_w=b7690&pd_rd_wg=TcyWG&pf_rd_p=fd35f9f2-1aca-4d5e-befe-a52647ead21e&pf_rd_r=RH369CG6CY05Z7ZRC5V7&qid=1757686819&rnid=301061&ref=sr_nr_n_31&ds=v1%3APZPFPiNBfVj%2BrdWjox7EB2p3Y%2FTzs7A0NjNL53sV6ak,sports_et_loisirs,0,2025-09-12T16:20:20.094197
Voir plus > Tourisme et voyages,https://www.amazon.fr/s?i=stripbooks&rh=n%3A301061%2Cn%3A302051%2Cp_72%3A184904031&s=popularity-rank&dc&content-id=amzn1.sym.fd35f9f2-1aca-4d5e-befe-a52647ead21e&pd_rd_r=23c60f36-c6f1-43fb-8fb4-59d764073c73&pd_rd_w=b7690&pd_rd_wg=TcyWG&pf_rd_p=fd35f9f2-1aca-4d5e-befe-a52647ead21e&pf_rd_r=RH369CG6CY05Z7ZRC5V7&qid=1757686819&rnid=301061&ref=sr_nr_n_32&ds=v1%3AzuCeR360JXiTIYzG2LTxPxAZjU7b%2FZGO7fcs%2B2%2FqTEk,tourisme_et_voyages,0,2025-09-12T16:20:20.094200
Voir plus > Neuf,https://www.amazon.fr/s?i=stripbooks&rh=n%3A301061%2Cp_72%3A184904031%2Cp_n_condition-type%3A15135266031&s=popularity-rank&dc&content-id=amzn1.sym.fd35f9f2-1aca-4d5e-befe-a52647ead21e&pd_rd_r=23c60f36-c6f1-43fb-8fb4-59d764073c73&pd_rd_w=b7690&pd_rd_wg=TcyWG&pf_rd_p=fd35f9f2-1aca-4d5e-befe-a52647ead21e&pf_rd_r=RH369CG6CY05Z7ZRC5V7&qid=1757686819&rnid=15135264031&ref=sr_nr_p_n_condition-type_1&ds=v1%3AxH48gn8E0Qd8%2Bm4XmHeWV8uyXqCKRZT03LCrHrFzivQ,neuf,0,2025-09-12T16:20:20.094204
Voir plus > D'occasion,https://www.amazon.fr/s?i=stripbooks&rh=n%3A301061%2Cp_72%3A184904031%2Cp_n_condition-type%3A15135267031&s=popularity-rank&dc&content-id=amzn1.sym.fd35f9f2-1aca-4d5e-befe-a52647ead21e&pd_rd_r=23c60f36-c6f1-43fb-8fb4-59d764073c73&pd_rd_w=b7690&pd_rd_wg=TcyWG&pf_rd_p=fd35f9f2-1aca-4d5e-befe-a52647ead21e&pf_rd_r=RH369CG6CY05Z7ZRC5V7&qid=1757686819&rnid=15135264031&ref=sr_nr_p_n_condition-type_2&ds=v1%3Afpe2k82fmJ%2F8oWovABJLq6%2BpYXJP3tMnyrDOiARcJk8,d_occasion,0,2025-09-12T16:20:20.094207
Voir plus > Décocher,https://www.amazon.fr/s?i=stripbooks&rh=n%3A301061&s=popularity-rank&dc&content-id=amzn1.sym.fd35f9f2-1aca-4d5e-befe-a52647ead21e&pd_rd_r=23c60f36-c6f1-43fb-8fb4-59d764073c73&pd_rd_w=b7690&pd_rd_wg=TcyWG&pf_rd_p=fd35f9f2-1aca-4d5e-befe-a52647ead21e&pf_rd_r=RH369CG6CY05Z7ZRC5V7&qid=1757686819&ref=sr_ex_p_72_0&ds=v1%3AGxy6L4w4nRA3mX9juBqxcD7DAdWhEqBEVJ0sMD3c2ZI,décocher,0,2025-09-12T16:20:20.094210
Voir plus > 4 Stars& plus,https://www.amazon.fr/s?i=stripbooks&rh=n%3A301061&s=popularity-rank&dc&content-id=amzn1.sym.fd35f9f2-1aca-4d5e-befe-a52647ead21e&pd_rd_r=23c60f36-c6f1-43fb-8fb4-59d764073c73&pd_rd_w=b7690&pd_rd_wg=TcyWG&pf_rd_p=fd35f9f2-1aca-4d5e-befe-a52647ead21e&pf_rd_r=RH369CG6CY05Z7ZRC5V7&qid=1757686819&rnid=184891031&ref=sr_nr_p_72_1&ds=v1%3AfwE5tOrQXJodHdEdMlqGCwCOZM9GtdEJ4G0U%2FFfTlsw,4_stars_plus,0,2025-09-12T16:20:20.094214
Voir plus > Jusqu’à 5 EUR,https://www.amazon.fr/s?i=stripbooks&rh=n%3A301061%2Cp_72%3A184904031%2Cp_36%3A-500&s=popularity-rank&dc&content-id=amzn1.sym.fd35f9f2-1aca-4d5e-befe-a52647ead21e&pd_rd_r=23c60f36-c6f1-43fb-8fb4-59d764073c73&pd_rd_w=b7690&pd_rd_wg=TcyWG&pf_rd_p=fd35f9f2-1aca-4d5e-befe-a52647ead21e&pf_rd_r=RH369CG6CY05Z7ZRC5V7&qid=1757686819&rnid=389153011&ref=sr_nr_p_36_1&ds=v1%3A21E2S9rtnECLuKAzRaRuWtfhV%2BT4jmw1Bxm7WHV%2FGt0,jusqu_à_5_eur,0,2025-09-12T16:20:20.094219
Voir plus > de 5 à 10 EUR,https://www.amazon.fr/s?i=stripbooks&rh=n%3A301061%2Cp_72%3A184904031%2Cp_36%3A500-1000&s=popularity-rank&dc&content-id=amzn1.sym.fd35f9f2-1aca-4d5e-befe-a52647ead21e&pd_rd_r=23c60f36-c6f1-43fb-8fb4-59d764073c73&pd_rd_w=b7690&pd_rd_wg=TcyWG&pf_rd_p=fd35f9f2-1aca-4d5e-befe-a52647ead21e&pf_rd_r=RH369CG6CY05Z7ZRC5V7&qid=1757686819&rnid=389153011&ref=sr_nr_p_36_2&ds=v1%3A%2BRYFvifIKsR36GUGP%2B1QpBQM5KB8LhAv55CjeD6lgVg,de_5_à_10_eur,0,2025-09-12T16:20:20.094223
Voir plus > de 10 à 20 EUR,https://www.amazon.fr/s?i=stripbooks&rh=n%3A301061%2Cp_72%3A184904031%2Cp_36%3A1000-2000&s=popularity-rank&dc&content-id=amzn1.sym.fd35f9f2-1aca-4d5e-befe-a52647ead21e&pd_rd_r=23c60f36-c6f1-43fb-8fb4-59d764073c73&pd_rd_w=b7690&pd_rd_wg=TcyWG&pf_rd_p=fd35f9f2-1aca-4d5e-befe-a52647ead21e&pf_rd_r=RH369CG6CY05Z7ZRC5V7&qid=1757686819&rnid=389153011&ref=sr_nr_p_36_3&ds=v1%3AKBhsv%2B4zxPCDAe1Xd0bRpa6ZxoimrZl820h69vIY%2Bl8,de_10_à_20_eur,0,2025-09-12T16:20:20.094226
Voir plus > 20 EUR et plus,https://www.amazon.fr/s?i=stripbooks&rh=n%3A301061%2Cp_72%3A184904031%2Cp_36%3A2000-&s=popularity-rank&dc&content-id=amzn1.sym.fd35f9f2-1aca-4d5e-befe-a52647ead21e&pd_rd_r=23c60f36-c6f1-43fb-8fb4-59d764073c73&pd_rd_w=b7690&pd_rd_wg=TcyWG&pf_rd_p=fd35f9f2-1aca-4d5e-befe-a52647ead21e&pf_rd_r=RH369CG6CY05Z7ZRC5V7&qid=1757686819&rnid=389153011&ref=sr_nr_p_36_4&ds=v1%3AR5AIBePwU9mUyuoGhxKXV%2F7ktGqIdzCjQvGixFIoqSU,20_eur_et_plus,0,2025-09-12T16:20:20.094229
Voir plus > Tous les rabais,https://www.amazon.fr/s?i=stripbooks&rh=n%3A301061%2Cp_72%3A184904031%2Cp_n_deal_type%3A26902977031&s=popularity-rank&dc&content-id=amzn1.sym.fd35f9f2-1aca-4d5e-befe-a52647ead21e&pd_rd_r=23c60f36-c6f1-43fb-8fb4-59d764073c73&pd_rd_w=b7690&pd_rd_wg=TcyWG&pf_rd_p=fd35f9f2-1aca-4d5e-befe-a52647ead21e&pf_rd_r=RH369CG6CY05Z7ZRC5V7&qid=1757686819&rnid=26902974031&ref=sr_nr_p_n_deal_type_1&ds=v1%3An%2FGcWOqNnpAzJaAqGafIdmhcVN%2FF%2BRldwOeAcM9UmAU,tous_les_rabais,0,2025-09-12T16:20:20.094232
Voir plus > Ventes Flash,https://www.amazon.fr/s?i=stripbooks&rh=n%3A301061%2Cp_72%3A184904031%2Cp_n_deal_type%3A26902975031&s=popularity-rank&dc&content-id=amzn1.sym.fd35f9f2-1aca-4d5e-befe-a52647ead21e&pd_rd_r=23c60f36-c6f1-43fb-8fb4-59d764073c73&pd_rd_w=b7690&pd_rd_wg=TcyWG&pf_rd_p=fd35f9f2-1aca-4d5e-befe-a52647ead21e&pf_rd_r=RH369CG6CY05Z7ZRC5V7&qid=1757686819&rnid=26902974031&ref=sr_nr_p_n_deal_type_2&ds=v1%3A8dXmmurBUN03qiA2DASqkKLEIkTDAK%2FMlVyDLlYfhlw,ventes_flash,0,2025-09-12T16:20:20.094235
Voir plus > Collectif Michelin,https://www.amazon.fr/s?i=stripbooks&rh=n%3A301061%2Cp_72%3A184904031%2Cp_lbr_books_authors_browse-bin%3ACollectif%2BMichelin&s=popularity-rank&dc&content-id=amzn1.sym.fd35f9f2-1aca-4d5e-befe-a52647ead21e&pd_rd_r=23c60f36-c6f1-43fb-8fb4-59d764073c73&pd_rd_w=b7690&pd_rd_wg=TcyWG&pf_rd_p=fd35f9f2-1aca-4d5e-befe-a52647ead21e&pf_rd_r=RH369CG6CY05Z7ZRC5V7&qid=1757686819&rnid=545982031&ref=sr_nr_p_lbr_books_authors_browse-bin_1&ds=v1%3A2wX0xOkSTBm4UpY1zQ63KBD8YJNG1wAzsRwTHR4BSA8,collectif_michelin,0,2025-09-12T16:20:20.094239
Voir plus > Disney Collectif,https://www.amazon.fr/s?i=stripbooks&rh=n%3A301061%2Cp_72%3A184904031%2Cp_lbr_books_authors_browse-bin%3ADisney%2BCollectif&s=popularity-rank&dc&content-id=amzn1.sym.fd35f9f2-1aca-4d5e-befe-a52647ead21e&pd_rd_r=23c60f36-c6f1-43fb-8fb4-59d764073c73&pd_rd_w=b7690&pd_rd_wg=TcyWG&pf_rd_p=fd35f9f2-1aca-4d5e-befe-a52647ead21e&pf_rd_r=RH369CG6CY05Z7ZRC5V7&qid=1757686819&rnid=545982031&ref=sr_nr_p_lbr_books_authors_browse-bin_2&ds=v1%3ADXKs74YCigRVMLlwMX4xxAAA%2FZNk2Na3Q4Bb0EmKqDE,disney_collectif,0,2025-09-12T16:20:20.094242
Voir plus > Collectif d'auteurs,https://www.amazon.fr/s?i=stripbooks&rh=n%3A301061%2Cp_72%3A184904031%2Cp_lbr_books_authors_browse-bin%3ACollectif%2Bd%2527auteurs&s=popularity-rank&dc&content-id=amzn1.sym.fd35f9f2-1aca-4d5e-befe-a52647ead21e&pd_rd_r=23c60f36-c6f1-43fb-8fb4-59d764073c73&pd_rd_w=b7690&pd_rd_wg=TcyWG&pf_rd_p=fd35f9f2-1aca-4d5e-befe-a52647ead21e&pf_rd_r=RH369CG6CY05Z7ZRC5V7&qid=1757686819&rnid=545982031&ref=sr_nr_p_lbr_books_authors_browse-bin_3&ds=v1%3Aet%2FClLA%2FowN%2BntmMdlCdYm2qI%2B9PVzRBvDxtjS3czOk,collectif_d_auteurs,0,2025-09-12T16:20:20.094246
Voir plus > D'auteurs Collectif,https://www.amazon.fr/s?i=stripbooks&rh=n%3A301061%2Cp_72%3A184904031%2Cp_lbr_books_authors_browse-bin%3AD%2527auteurs%2BCollectif&s=popularity-rank&dc&content-id=amzn1.sym.fd35f9f2-1aca-4d5e-befe-a52647ead21e&pd_rd_r=23c60f36-c6f1-43fb-8fb4-59d764073c73&pd_rd_w=b7690&pd_rd_wg=TcyWG&pf_rd_p=fd35f9f2-1aca-4d5e-befe-a52647ead21e&pf_rd_r=RH369CG6CY05Z7ZRC5V7&qid=1757686819&rnid=545982031&ref=sr_nr_p_lbr_books_authors_browse-bin_4&ds=v1%3AgvO8CJzlaNPagCqzXcjz1ovb88u%2BcX5SrOQMg%2B0kJgg,d_auteurs_collectif,0,2025-09-12T16:20:20.094250
Voir plus > Collectif Collectif,https://www.amazon.fr/s?i=stripbooks&rh=n%3A301061%2Cp_72%3A184904031%2Cp_lbr_books_authors_browse-bin%3ACollectif%2BCollectif&s=popularity-rank&dc&content-id=amzn1.sym.fd35f9f2-1aca-4d5e-befe-a52647ead21e&pd_rd_r=23c60f36-c6f1-43fb-8fb4-59d764073c73&pd_rd_w=b7690&pd_rd_wg=TcyWG&pf_rd_p=fd35f9f2-1aca-4d5e-befe-a52647ead21e&pf_rd_r=RH369CG6CY05Z7ZRC5V7&qid=1757686819&rnid=545982031&ref=sr_nr_p_lbr_books_authors_browse-bin_5&ds=v1%3AoNh%2Fp%2FF5LQXFWUTu7QOarjSNJleg1CSGfK1xmbtyh1k,collectif_collectif,0,2025-09-12T16:20:20.094253
Voir plus > Collectif,https://www.amazon.fr/s?i=stripbooks&rh=n%3A301061%2Cp_72%3A184904031%2Cp_lbr_books_authors_browse-bin%3ACollectif&s=popularity-rank&dc&content-id=amzn1.sym.fd35f9f2-1aca-4d5e-befe-a52647ead21e&pd_rd_r=23c60f36-c6f1-43fb-8fb4-59d764073c73&pd_rd_w=b7690&pd_rd_wg=TcyWG&pf_rd_p=fd35f9f2-1aca-4d5e-befe-a52647ead21e&pf_rd_r=RH369CG6CY05Z7ZRC5V7&qid=1757686819&rnid=545982031&ref=sr_nr_p_lbr_books_authors_browse-bin_6&ds=v1%3AobnMhB1a%2BF89n4iecLkKjbosyvhfsSev%2BAxJeGz%2B3QE,collectif,0,2025-09-12T16:20:20.094256
Voir plus > Auteurs Collectif,https://www.amazon.fr/s?i=stripbooks&rh=n%3A301061%2Cp_72%3A184904031%2Cp_lbr_books_authors_browse-bin%3AAuteurs%2BCollectif&s=popularity-rank&dc&content-id=amzn1.sym.fd35f9f2-1aca-4d5e-befe-a52647ead21e&pd_rd_r=23c60f36-c6f1-43fb-8fb4-59d764073c73&pd_rd_w=b7690&pd_rd_wg=TcyWG&pf_rd_p=fd35f9f2-1aca-4d5e-befe-a52647ead21e&pf_rd_r=RH369CG6CY05Z7ZRC5V7&qid=1757686819&rnid=545982031&ref=sr_nr_p_lbr_books_authors_browse-bin_7&ds=v1%3A2sKEhOOlVJFrli6aIFsToKf3lyfdtWNnTR6PbwUJdwU,auteurs_collectif,0,2025-09-12T16:20:20.094260
Voir plus > D'illustrateurs Collectif,https://www.amazon.fr/s?i=stripbooks&rh=n%3A301061%2Cp_72%3A184904031%2Cp_lbr_books_authors_browse-bin%3AD%2527illustrateurs%2BCollectif&s=popularity-rank&dc&content-id=amzn1.sym.fd35f9f2-1aca-4d5e-befe-a52647ead21e&pd_rd_r=23c60f36-c6f1-43fb-8fb4-59d764073c73&pd_rd_w=b7690&pd_rd_wg=TcyWG&pf_rd_p=fd35f9f2-1aca-4d5e-befe-a52647ead21e&pf_rd_r=RH369CG6CY05Z7ZRC5V7&qid=1757686819&rnid=545982031&ref=sr_nr_p_lbr_books_authors_browse-bin_8&ds=v1%3ANX6HqnQrkjVzQkfmi%2BPD%2Bx2WBwxBEZqTzpZQZ0QvVgw,d_illustrateurs_collectif,0,2025-09-12T16:20:20.094263
Voir plus > David Collectif,https://www.amazon.fr/s?i=stripbooks&rh=n%3A301061%2Cp_72%3A184904031%2Cp_lbr_books_authors_browse-bin%3ADavid%2BCollectif&s=popularity-rank&dc&content-id=amzn1.sym.fd35f9f2-1aca-4d5e-befe-a52647ead21e&pd_rd_r=23c60f36-c6f1-43fb-8fb4-59d764073c73&pd_rd_w=b7690&pd_rd_wg=TcyWG&pf_rd_p=fd35f9f2-1aca-4d5e-befe-a52647ead21e&pf_rd_r=RH369CG6CY05Z7ZRC5V7&qid=1757686819&rnid=545982031&ref=sr_nr_p_lbr_books_authors_browse-bin_9&ds=v1%3AFZIqdtyRNeJziUVbQZPcIu51sbbvvox%2ForM7uBK1DWA,david_collectif,0,2025-09-12T16:20:20.094267
Voir plus > Freida McFadden,https://www.amazon.fr/s?i=stripbooks&rh=n%3A301061%2Cp_72%3A184904031%2Cp_lbr_books_authors_browse-bin%3AFreida%2BMcFadden&s=popularity-rank&dc&content-id=amzn1.sym.fd35f9f2-1aca-4d5e-befe-a52647ead21e&pd_rd_r=23c60f36-c6f1-43fb-8fb4-59d764073c73&pd_rd_w=b7690&pd_rd_wg=TcyWG&pf_rd_p=fd35f9f2-1aca-4d5e-befe-a52647ead21e&pf_rd_r=RH369CG6CY05Z7ZRC5V7&qid=1757686819&rnid=545982031&ref=sr_nr_p_lbr_books_authors_browse-bin_10&ds=v1%3ADgMmPbWvw7tZXksqk0FH7JBZP78woTJHK%2FVjxkqQcFo,freida_mcfadden,0,2025-09-12T16:20:20.094270
Voir plus > Amazon Global Store,https://www.amazon.fr/s?i=stripbooks&rh=n%3A301061%2Cp_72%3A184904031%2Cp_n_is-global-store-asin%3A26389255031&s=popularity-rank&dc&content-id=amzn1.sym.fd35f9f2-1aca-4d5e-befe-a52647ead21e&pd_rd_r=23c60f36-c6f1-43fb-8fb4-59d764073c73&pd_rd_w=b7690&pd_rd_wg=TcyWG&pf_rd_p=fd35f9f2-1aca-4d5e-befe-a52647ead21e&pf_rd_r=RH369CG6CY05Z7ZRC5V7&qid=1757686819&rnid=26389254031&ref=sr_nr_p_n_is-global-store-asin_1&ds=v1%3A6d0meqXB0zGOFPLpuaJSgnFvCikSUUxmaf1A27DkABM,amazon_global_store,0,2025-09-12T16:20:20.094274
Voir plus > Depuis 1 mois,https://www.amazon.fr/s?i=stripbooks&rh=n%3A301061%2Cp_72%3A184904031%2Cp_n_publication_date%3A183196031&s=popularity-rank&dc&content-id=amzn1.sym.fd35f9f2-1aca-4d5e-befe-a52647ead21e&pd_rd_r=23c60f36-c6f1-43fb-8fb4-59d764073c73&pd_rd_w=b7690&pd_rd_wg=TcyWG&pf_rd_p=fd35f9f2-1aca-4d5e-befe-a52647ead21e&pf_rd_r=RH369CG6CY05Z7ZRC5V7&qid=1757686819&rnid=183195031&ref=sr_nr_p_n_publication_date_1&ds=v1%3AxJp0TKlGYS8RmpNWUuPbWrgzLyemu4DuoYod5CCvbzU,depuis_1_mois,0,2025-09-12T16:20:20.094277
Voir plus > Depuis 3 mois,https://www.amazon.fr/s?i=stripbooks&rh=n%3A301061%2Cp_72%3A184904031%2Cp_n_publication_date%3A183197031&s=popularity-rank&dc&content-id=amzn1.sym.fd35f9f2-1aca-4d5e-befe-a52647ead21e&pd_rd_r=23c60f36-c6f1-43fb-8fb4-59d764073c73&pd_rd_w=b7690&pd_rd_wg=TcyWG&pf_rd_p=fd35f9f2-1aca-4d5e-befe-a52647ead21e&pf_rd_r=RH369CG6CY05Z7ZRC5V7&qid=1757686819&rnid=183195031&ref=sr_nr_p_n_publication_date_2&ds=v1%3AzNyWHSpQ9eduq4C2586oTKKDB2jniez8qf1wl3V73JA,depuis_3_mois,0,2025-09-12T16:20:20.094280
Voir plus > Dans les 3 mois à venir,https://www.amazon.fr/s?i=stripbooks&rh=n%3A301061%2Cp_72%3A184904031%2Cp_n_publication_date%3A183198031&s=popularity-rank&dc&content-id=amzn1.sym.fd35f9f2-1aca-4d5e-befe-a52647ead21e&pd_rd_r=23c60f36-c6f1-43fb-8fb4-59d764073c73&pd_rd_w=b7690&pd_rd_wg=TcyWG&pf_rd_p=fd35f9f2-1aca-4d5e-befe-a52647ead21e&pf_rd_r=RH369CG6CY05Z7ZRC5V7&qid=1757686819&rnid=183195031&ref=sr_nr_p_n_publication_date_3&ds=v1%3Atzg0oiDkS%2BPizxbnkb4C3sa9t5pSfsxnKij85ZVOw4w,dans_les_3_mois_à_venir,0,2025-09-12T16:20:20.094283
Voir plus > Broché,https://www.amazon.fr/s?i=stripbooks&rh=n%3A301061%2Cp_72%3A184904031%2Cp_n_binding_browse-bin%3A3973586031&s=popularity-rank&dc&content-id=amzn1.sym.fd35f9f2-1aca-4d5e-befe-a52647ead21e&pd_rd_r=23c60f36-c6f1-43fb-8fb4-59d764073c73&pd_rd_w=b7690&pd_rd_wg=TcyWG&pf_rd_p=fd35f9f2-1aca-4d5e-befe-a52647ead21e&pf_rd_r=RH369CG6CY05Z7ZRC5V7&qid=1757686819&rnid=492479011&ref=sr_nr_p_n_binding_browse-bin_1&ds=v1%3AC06iXN7KpKIKwBhQW9vbdiLTcQZbtUX2JadagpLq22o,broché,0,2025-09-12T16:20:20.094287
Voir plus > Ebook Kindle,https://www.amazon.fr/s?i=stripbooks&rh=n%3A301061%2Cp_72%3A184904031%2Cp_n_binding_browse-bin%3A901116031&s=popularity-rank&dc&content-id=amzn1.sym.fd35f9f2-1aca-4d5e-befe-a52647ead21e&pd_rd_r=23c60f36-c6f1-43fb-8fb4-59d764073c73&pd_rd_w=b7690&pd_rd_wg=TcyWG&pf_rd_p=fd35f9f2-1aca-4d5e-befe-a52647ead21e&pf_rd_r=RH369CG6CY05Z7ZRC5V7&qid=1757686819&rnid=492479011&ref=sr_nr_p_n_binding_browse-bin_2&ds=v1%3A2fo2WyhHjNA1rKlgBEP9%2F%2FqNJk7cwr0OzD31E5HWgeo,ebook_kindle,0,2025-09-12T16:20:20.094290
Voir plus > Poche,https://www.amazon.fr/s?i=stripbooks&rh=n%3A301061%2Cp_72%3A184904031%2Cp_n_binding_browse-bin%3A492481011&s=popularity-rank&dc&content-id=amzn1.sym.fd35f9f2-1aca-4d5e-befe-a52647ead21e&pd_rd_r=23c60f36-c6f1-43fb-8fb4-59d764073c73&pd_rd_w=b7690&pd_rd_wg=TcyWG&pf_rd_p=fd35f9f2-1aca-4d5e-befe-a52647ead21e&pf_rd_r=RH369CG6CY05Z7ZRC5V7&qid=1757686819&rnid=492479011&ref=sr_nr_p_n_binding_browse-bin_3&ds=v1%3ADmju%2BplIcfYrvZdr067s3iZxLxrN13zjuxJRHNl0qqo,poche,0,2025-09-12T16:20:20.094293
Voir plus > Relié,https://www.amazon.fr/s?i=stripbooks&rh=n%3A301061%2Cp_72%3A184904031%2Cp_n_binding_browse-bin%3A492480011&s=popularity-rank&dc&content-id=amzn1.sym.fd35f9f2-1aca-4d5e-befe-a52647ead21e&pd_rd_r=23c60f36-c6f1-43fb-8fb4-59d764073c73&pd_rd_w=b7690&pd_rd_wg=TcyWG&pf_rd_p=fd35f9f2-1aca-4d5e-befe-a52647ead21e&pf_rd_r=RH369CG6CY05Z7ZRC5V7&qid=1757686819&rnid=492479011&ref=sr_nr_p_n_binding_browse-bin_4&ds=v1%3AyemSb0%2B%2F%2FNf635PUw8PE9ZiAA7ew7lt%2FBx%2Bs817ifWc,relié,0,2025-09-12T16:20:20.094296
Voir plus > Livre audio,https://www.amazon.fr/s?i=stripbooks&rh=n%3A301061%2Cp_72%3A184904031%2Cp_n_binding_browse-bin%3A308871031&s=popularity-rank&dc&content-id=amzn1.sym.fd35f9f2-1aca-4d5e-befe-a52647ead21e&pd_rd_r=23c60f36-c6f1-43fb-8fb4-59d764073c73&pd_rd_w=b7690&pd_rd_wg=TcyWG&pf_rd_p=fd35f9f2-1aca-4d5e-befe-a52647ead21e&pf_rd_r=RH369CG6CY05Z7ZRC5V7&qid=1757686819&rnid=492479011&ref=sr_nr_p_n_binding_browse-bin_5&ds=v1%3A4%2B9yBUcubzBqjeGLHtY9jcAI5gs%2FUrkTFje3KAJ85oc,livre_audio,0,2025-09-12T16:20:20.094299
Voir plus > Inclus dans une série,https://www.amazon.fr/s?i=stripbooks&rh=n%3A301061%2Cp_72%3A184904031%2Cp_n_feature_twelve_browse-bin%3A100406692031&s=popularity-rank&dc&content-id=amzn1.sym.fd35f9f2-1aca-4d5e-befe-a52647ead21e&pd_rd_r=23c60f36-c6f1-43fb-8fb4-59d764073c73&pd_rd_w=b7690&pd_rd_wg=TcyWG&pf_rd_p=fd35f9f2-1aca-4d5e-befe-a52647ead21e&pf_rd_r=RH369CG6CY05Z7ZRC5V7&qid=1757686819&rnid=100406680031&ref=sr_nr_p_n_feature_twelve_browse-bin_1&ds=v1%3AUNLmCOeqRZ2rCcYnqUS%2BiEWgNTQtdAmoQDWxbm57u98,inclus_dans_une_série,0,2025-09-12T16:20:20.094305
Voir plus > Non inclus dans une série,https://www.amazon.fr/s?i=stripbooks&rh=n%3A301061%2Cp_72%3A184904031%2Cp_n_feature_twelve_browse-bin%3A100406706031&s=popularity-rank&dc&content-id=amzn1.sym.fd35f9f2-1aca-4d5e-befe-a52647ead21e&pd_rd_r=23c60f36-c6f1-43fb-8fb4-59d764073c73&pd_rd_w=b7690&pd_rd_wg=TcyWG&pf_rd_p=fd35f9f2-1aca-4d5e-befe-a52647ead21e&pf_rd_r=RH369CG6CY05Z7ZRC5V7&qid=1757686819&rnid=100406680031&ref=sr_nr_p_n_feature_twelve_browse-bin_2&ds=v1%3Aw1A9l7ilz2xQ1N%2BAuG%2FRjl4T%2Fsgn7dUFKxxNClpMLK0,non_inclus_dans_une_série,0,2025-09-12T16:20:20.094309
Voir plus > Premier de la série,https://www.amazon.fr/s?i=stripbooks&rh=n%3A301061%2Cp_72%3A184904031%2Cp_n_feature_twelve_browse-bin%3A100406699031&s=popularity-rank&dc&content-id=amzn1.sym.fd35f9f2-1aca-4d5e-befe-a52647ead21e&pd_rd_r=23c60f36-c6f1-43fb-8fb4-59d764073c73&pd_rd_w=b7690&pd_rd_wg=TcyWG&pf_rd_p=fd35f9f2-1aca-4d5e-befe-a52647ead21e&pf_rd_r=RH369CG6CY05Z7ZRC5V7&qid=1757686819&rnid=100406680031&ref=sr_nr_p_n_feature_twelve_browse-bin_3&ds=v1%3AGkFYhHapxIUzpEgGm0jJtEmo8fw%2F6zw3nAuM29LyhNM,premier_de_la_série,0,2025-09-12T16:20:20.094313
Voir plus > Français,https://www.amazon.fr/s?i=stripbooks&rh=n%3A301061%2Cp_72%3A184904031%2Cp_n_feature_browse-bin%3A5272956031&s=popularity-rank&dc&content-id=amzn1.sym.fd35f9f2-1aca-4d5e-befe-a52647ead21e&pd_rd_r=23c60f36-c6f1-43fb-8fb4-59d764073c73&pd_rd_w=b7690&pd_rd_wg=TcyWG&pf_rd_p=fd35f9f2-1aca-4d5e-befe-a52647ead21e&pf_rd_r=RH369CG6CY05Z7ZRC5V7&qid=1757686819&rnid=5272947031&ref=sr_nr_p_n_feature_browse-bin_1&ds=v1%3ANz26ptakfy9GTRCy1A9Y8Cp9S8JiX7AG1xlL4LAK5VU,français,0,2025-09-12T16:20:20.094316
Voir plus > Anglais,https://www.amazon.fr/s?i=stripbooks&rh=n%3A301061%2Cp_72%3A184904031%2Cp_n_feature_browse-bin%3A5272949031&s=popularity-rank&dc&content-id=amzn1.sym.fd35f9f2-1aca-4d5e-befe-a52647ead21e&pd_rd_r=23c60f36-c6f1-43fb-8fb4-59d764073c73&pd_rd_w=b7690&pd_rd_wg=TcyWG&pf_rd_p=fd35f9f2-1aca-4d5e-befe-a52647ead21e&pf_rd_r=RH369CG6CY05Z7ZRC5V7&qid=1757686819&rnid=5272947031&ref=sr_nr_p_n_feature_browse-bin_2&ds=v1%3AheWCtZnJjfnqCXDviLHWh0eX4OZPn7ezh2NCf%2FtrGzI,anglais,0,2025-09-12T16:20:20.094319
Voir plus > Espagnol,https://www.amazon.fr/s?i=stripbooks&rh=n%3A301061%2Cp_72%3A184904031%2Cp_n_feature_browse-bin%3A5272954031&s=popularity-rank&dc&content-id=amzn1.sym.fd35f9f2-1aca-4d5e-befe-a52647ead21e&pd_rd_r=23c60f36-c6f1-43fb-8fb4-59d764073c73&pd_rd_w=b7690&pd_rd_wg=TcyWG&pf_rd_p=fd35f9f2-1aca-4d5e-befe-a52647ead21e&pf_rd_r=RH369CG6CY05Z7ZRC5V7&qid=1757686819&rnid=5272947031&ref=sr_nr_p_n_feature_browse-bin_3&ds=v1%3AQgk7CgVcbjI1ExzRVvqjostl%2B9akPFCWuWURpl8tVbI,espagnol,0,2025-09-12T16:20:20.094322
Voir plus > Allemand,https://www.amazon.fr/s?i=stripbooks&rh=n%3A301061%2Cp_72%3A184904031%2Cp_n_feature_browse-bin%3A5272948031&s=popularity-rank&dc&content-id=amzn1.sym.fd35f9f2-1aca-4d5e-befe-a52647ead21e&pd_rd_r=23c60f36-c6f1-43fb-8fb4-59d764073c73&pd_rd_w=b7690&pd_rd_wg=TcyWG&pf_rd_p=fd35f9f2-1aca-4d5e-befe-a52647ead21e&pf_rd_r=RH369CG6CY05Z7ZRC5V7&qid=1757686819&rnid=5272947031&ref=sr_nr_p_n_feature_browse-bin_4&ds=v1%3AWhW%2FXJC77x%2F%2F9c5R1WQ0yoErJzbS9lS9zmQKZBu8KfQ,allemand,0,2025-09-12T16:20:20.094325
Voir plus > Arabe,https://www.amazon.fr/s?i=stripbooks&rh=n%3A301061%2Cp_72%3A184904031%2Cp_n_feature_browse-bin%3A5272950031&s=popularity-rank&dc&content-id=amzn1.sym.fd35f9f2-1aca-4d5e-befe-a52647ead21e&pd_rd_r=23c60f36-c6f1-43fb-8fb4-59d764073c73&pd_rd_w=b7690&pd_rd_wg=TcyWG&pf_rd_p=fd35f9f2-1aca-4d5e-befe-a52647ead21e&pf_rd_r=RH369CG6CY05Z7ZRC5V7&qid=1757686819&rnid=5272947031&ref=sr_nr_p_n_feature_browse-bin_5&ds=v1%3Aa3jRsuvCLahW6%2FFfmzu7I5PmHEDNjJIbAYrm%2BKh2fIc,arabe,0,2025-09-12T16:20:20.094328
Voir plus > Catalan,https://www.amazon.fr/s?i=stripbooks&rh=n%3A301061%2Cp_72%3A184904031%2Cp_n_feature_browse-bin%3A15424978031&s=popularity-rank&dc&content-id=amzn1.sym.fd35f9f2-1aca-4d5e-befe-a52647ead21e&pd_rd_r=23c60f36-c6f1-43fb-8fb4-59d764073c73&pd_rd_w=b7690&pd_rd_wg=TcyWG&pf_rd_p=fd35f9f2-1aca-4d5e-befe-a52647ead21e&pf_rd_r=RH369CG6CY05Z7ZRC5V7&qid=1757686819&rnid=5272947031&ref=sr_nr_p_n_feature_browse-bin_6&ds=v1%3A4WJlJLXeRoBwT6R83o%2FdkiTk%2FKewGa9hUxwOYOIdoZI,catalan,0,2025-09-12T16:20:20.094331
Voir plus > Chinois,https://www.amazon.fr/s?i=stripbooks&rh=n%3A301061%2Cp_72%3A184904031%2Cp_n_feature_browse-bin%3A5272951031&s=popularity-rank&dc&content-id=amzn1.sym.fd35f9f2-1aca-4d5e-befe-a52647ead21e&pd_rd_r=23c60f36-c6f1-43fb-8fb4-59d764073c73&pd_rd_w=b7690&pd_rd_wg=TcyWG&pf_rd_p=fd35f9f2-1aca-4d5e-befe-a52647ead21e&pf_rd_r=RH369CG6CY05Z7ZRC5V7&qid=1757686819&rnid=5272947031&ref=sr_nr_p_n_feature_browse-bin_7&ds=v1%3AYX49FsBg2jldtgJ3OJ2m30aLm1vKhKtDPQXgMmNMV3o,chinois,0,2025-09-12T16:20:20.094335
Voir plus > Danois,https://www.amazon.fr/s?i=stripbooks&rh=n%3A301061%2Cp_72%3A184904031%2Cp_n_feature_browse-bin%3A5272953031&s=popularity-rank&dc&content-id=amzn1.sym.fd35f9f2-1aca-4d5e-befe-a52647ead21e&pd_rd_r=23c60f36-c6f1-43fb-8fb4-59d764073c73&pd_rd_w=b7690&pd_rd_wg=TcyWG&pf_rd_p=fd35f9f2-1aca-4d5e-befe-a52647ead21e&pf_rd_r=RH369CG6CY05Z7ZRC5V7&qid=1757686819&rnid=5272947031&ref=sr_nr_p_n_feature_browse-bin_8&ds=v1%3AtDScnCH7CC4DBsRce2BtFFCCejJOlSMm6yIaKytLXuU,danois,0,2025-09-12T16:20:20.094338
Voir plus > Grec,https://www.amazon.fr/s?i=stripbooks&rh=n%3A301061%2Cp_72%3A184904031%2Cp_n_feature_browse-bin%3A5272957031&s=popularity-rank&dc&content-id=amzn1.sym.fd35f9f2-1aca-4d5e-befe-a52647ead21e&pd_rd_r=23c60f36-c6f1-43fb-8fb4-59d764073c73&pd_rd_w=b7690&pd_rd_wg=TcyWG&pf_rd_p=fd35f9f2-1aca-4d5e-befe-a52647ead21e&pf_rd_r=RH369CG6CY05Z7ZRC5V7&qid=1757686819&rnid=5272947031&ref=sr_nr_p_n_feature_browse-bin_9&ds=v1%3Amj60mLUXL1AcfbKSe8DiKVZn%2B3d%2BNAW6tM%2BP8kg2mcQ,grec,0,2025-09-12T16:20:20.094341
Voir plus > Hébreu,https://www.amazon.fr/s?i=stripbooks&rh=n%3A301061%2Cp_72%3A184904031%2Cp_n_feature_browse-bin%3A5272960031&s=popularity-rank&dc&content-id=amzn1.sym.fd35f9f2-1aca-4d5e-befe-a52647ead21e&pd_rd_r=23c60f36-c6f1-43fb-8fb4-59d764073c73&pd_rd_w=b7690&pd_rd_wg=TcyWG&pf_rd_p=fd35f9f2-1aca-4d5e-befe-a52647ead21e&pf_rd_r=RH369CG6CY05Z7ZRC5V7&qid=1757686819&rnid=5272947031&ref=sr_nr_p_n_feature_browse-bin_10&ds=v1%3Ad0748nL5OQoNFFKkZC35xuyj0JFEkd6PGXPIg%2B7fO1A,hébreu,0,2025-09-12T16:20:20.094344
Voir plus > Hindi,https://www.amazon.fr/s?i=stripbooks&rh=n%3A301061%2Cp_72%3A184904031%2Cp_n_feature_browse-bin%3A15424989031&s=popularity-rank&dc&content-id=amzn1.sym.fd35f9f2-1aca-4d5e-befe-a52647ead21e&pd_rd_r=23c60f36-c6f1-43fb-8fb4-59d764073c73&pd_rd_w=b7690&pd_rd_wg=TcyWG&pf_rd_p=fd35f9f2-1aca-4d5e-befe-a52647ead21e&pf_rd_r=RH369CG6CY05Z7ZRC5V7&qid=1757686819&rnid=5272947031&ref=sr_nr_p_n_feature_browse-bin_11&ds=v1%3AGIIAB0MBHcZkryCKv2FPDNCT5OROWztQq7LdaqWBGhI,hindi,0,2025-09-12T16:20:20.094348
Voir plus > Néerlandais,https://www.amazon.fr/s?i=stripbooks&rh=n%3A301061%2Cp_72%3A184904031%2Cp_n_feature_browse-bin%3A5332143031&s=popularity-rank&dc&content-id=amzn1.sym.fd35f9f2-1aca-4d5e-befe-a52647ead21e&pd_rd_r=23c60f36-c6f1-43fb-8fb4-59d764073c73&pd_rd_w=b7690&pd_rd_wg=TcyWG&pf_rd_p=fd35f9f2-1aca-4d5e-befe-a52647ead21e&pf_rd_r=RH369CG6CY05Z7ZRC5V7&qid=1757686819&rnid=5272947031&ref=sr_nr_p_n_feature_browse-bin_12&ds=v1%3A0PUgtMWaYstCh28U0wAxB4rVTktr%2B6Yg5Pfw4f1qXak,néerlandais,0,2025-09-12T16:20:20.094353
Voir plus > Italien,https://www.amazon.fr/s?i=stripbooks&rh=n%3A301061%2Cp_72%3A184904031%2Cp_n_feature_browse-bin%3A5272961031&s=popularity-rank&dc&content-id=amzn1.sym.fd35f9f2-1aca-4d5e-befe-a52647ead21e&pd_rd_r=23c60f36-c6f1-43fb-8fb4-59d764073c73&pd_rd_w=b7690&pd_rd_wg=TcyWG&pf_rd_p=fd35f9f2-1aca-4d5e-befe-a52647ead21e&pf_rd_r=RH369CG6CY05Z7ZRC5V7&qid=1757686819&rnid=5272947031&ref=sr_nr_p_n_feature_browse-bin_13&ds=v1%3AYZS2RDlRb9AhJeRjrDaOVPm0wunfpKO4kBYUwZ3RIqA,italien,0,2025-09-12T16:20:20.094356
Voir plus > Japonais,https://www.amazon.fr/s?i=stripbooks&rh=n%3A301061%2Cp_72%3A184904031%2Cp_n_feature_browse-bin%3A5272962031&s=popularity-rank&dc&content-id=amzn1.sym.fd35f9f2-1aca-4d5e-befe-a52647ead21e&pd_rd_r=23c60f36-c6f1-43fb-8fb4-59d764073c73&pd_rd_w=b7690&pd_rd_wg=TcyWG&pf_rd_p=fd35f9f2-1aca-4d5e-befe-a52647ead21e&pf_rd_r=RH369CG6CY05Z7ZRC5V7&qid=1757686819&rnid=5272947031&ref=sr_nr_p_n_feature_browse-bin_14&ds=v1%3AX7KSATXJyb7Edx2lGp%2FBIwZdoOlNSXzLJMiDTnVRyzk,japonais,0,2025-09-12T16:20:20.094359
Voir plus > Latin,https://www.amazon.fr/s?i=stripbooks&rh=n%3A301061%2Cp_72%3A184904031%2Cp_n_feature_browse-bin%3A5272963031&s=popularity-rank&dc&content-id=amzn1.sym.fd35f9f2-1aca-4d5e-befe-a52647ead21e&pd_rd_r=23c60f36-c6f1-43fb-8fb4-59d764073c73&pd_rd_w=b7690&pd_rd_wg=TcyWG&pf_rd_p=fd35f9f2-1aca-4d5e-befe-a52647ead21e&pf_rd_r=RH369CG6CY05Z7ZRC5V7&qid=1757686819&rnid=5272947031&ref=sr_nr_p_n_feature_browse-bin_15&ds=v1%3AiEI%2BGHEVz1Mvy%2F8W%2BgkmgJMrGjJr8s6IvyEU1HYcl7A,latin,0,2025-09-12T16:20:20.094362
Voir plus > Polonais,https://www.amazon.fr/s?i=stripbooks&rh=n%3A301061%2Cp_72%3A184904031%2Cp_n_feature_browse-bin%3A5272965031&s=popularity-rank&dc&content-id=amzn1.sym.fd35f9f2-1aca-4d5e-befe-a52647ead21e&pd_rd_r=23c60f36-c6f1-43fb-8fb4-59d764073c73&pd_rd_w=b7690&pd_rd_wg=TcyWG&pf_rd_p=fd35f9f2-1aca-4d5e-befe-a52647ead21e&pf_rd_r=RH369CG6CY05Z7ZRC5V7&qid=1757686819&rnid=5272947031&ref=sr_nr_p_n_feature_browse-bin_16&ds=v1%3AeVBCwAaV7lg0nL0TvVMT3WSLwTzHLrkNuAu73nM9h6s,polonais,0,2025-09-12T16:20:20.094365
Voir plus > Portugais,https://www.amazon.fr/s?i=stripbooks&rh=n%3A301061%2Cp_72%3A184904031%2Cp_n_feature_browse-bin%3A5272966031&s=popularity-rank&dc&content-id=amzn1.sym.fd35f9f2-1aca-4d5e-befe-a52647ead21e&pd_rd_r=23c60f36-c6f1-43fb-8fb4-59d764073c73&pd_rd_w=b7690&pd_rd_wg=TcyWG&pf_rd_p=fd35f9f2-1aca-4d5e-befe-a52647ead21e&pf_rd_r=RH369CG6CY05Z7ZRC5V7&qid=1757686819&rnid=5272947031&ref=sr_nr_p_n_feature_browse-bin_17&ds=v1%3A38jRvtHHMG94mRNN5W%2F%2BFKYJ5ikiSdrabQwt%2BSaB5Fw,portugais,0,2025-09-12T16:20:20.094368
Voir plus > Russe,https://www.amazon.fr/s?i=stripbooks&rh=n%3A301061%2Cp_72%3A184904031%2Cp_n_feature_browse-bin%3A5272968031&s=popularity-rank&dc&content-id=amzn1.sym.fd35f9f2-1aca-4d5e-befe-a52647ead21e&pd_rd_r=23c60f36-c6f1-43fb-8fb4-59d764073c73&pd_rd_w=b7690&pd_rd_wg=TcyWG&pf_rd_p=fd35f9f2-1aca-4d5e-befe-a52647ead21e&pf_rd_r=RH369CG6CY05Z7ZRC5V7&qid=1757686819&rnid=5272947031&ref=sr_nr_p_n_feature_browse-bin_18&ds=v1%3AwRg9CK4eyB7v7VXv%2BpLZ20WiX4vaZSjM6NWjNU3zc4c,russe,0,2025-09-12T16:20:20.094371
Voir plus > Turc,https://www.amazon.fr/s?i=stripbooks&rh=n%3A301061%2Cp_72%3A184904031%2Cp_n_feature_browse-bin%3A5272970031&s=popularity-rank&dc&content-id=amzn1.sym.fd35f9f2-1aca-4d5e-befe-a52647ead21e&pd_rd_r=23c60f36-c6f1-43fb-8fb4-59d764073c73&pd_rd_w=b7690&pd_rd_wg=TcyWG&pf_rd_p=fd35f9f2-1aca-4d5e-befe-a52647ead21e&pf_rd_r=RH369CG6CY05Z7ZRC5V7&qid=1757686819&rnid=5272947031&ref=sr_nr_p_n_feature_browse-bin_19&ds=v1%3AwCaEQN%2BuorvllBeaJPgMwN83Pdpku4j3eWnwkqU%2FPPg,turc,0,2025-09-12T16:20:20.094374
