titre,auteur,prix,image,description,stock,etoiles,format,nombre_avis,rang_vente,categorie,url,date_scraping
Tant mieux,Amélie Nothomb,"19,90€",https://m.media-amazon.com/images/I/81GxKHa6ICL._SY342_.jpg,« Tant mieux : la version joyeuse du sang-froid » Amélie Nothomb,En stock,"4,4 sur 5 étoiles","12,99 €",175 évaluations,Non disponible,Romans français,https://www.amazon.fr/Tant-mieux-Am%C3%A9lie-Nothomb/dp/2226504397,2025-09-03T11:10:26.811105
Kolkhoze,Emmanuel Carrère,"24,00€",https://m.media-amazon.com/images/I/71E-nf8ZSdL._SY342_.jpg,"Cette nuit-là, rassemblés tous les trois autour de notre mère, nous avons pour la dernière fois fait kolkhoze.",En stock,"5,0 sur 5 étoiles","16,99 €",1 évaluation,Non disponible,Romans français,https://www.amazon.fr/Kolkhoze-Emmanuel-Carr%C3%A8re/dp/2818061989,2025-09-03T11:10:31.322936
La bonne mère,Mathilda Di Matteo,"20,90€",https://m.media-amazon.com/images/I/71z9hmYmD6L._SY342_.jpg,""" Certains disent qu'elle est vulgaire. Moi, je dirais qu'elle est solaire. Un soleil de canicule, du genre incendiaire. "" Huit cents kilomètres séparent Clara de sa mère, Véro, depuis qu'elle a quitté Marseille. Ce week-end, elle lui présente Raphaël. Un girafon, pense Véro en le voyant. Il l'agace...",En stock,"4,3 sur 5 étoiles","15,99 €",5 évaluations,Non disponible,Romans français,https://www.amazon.fr/bonne-m%C3%A8re-Mathilda-Matteo/dp/2378805071,2025-09-03T11:10:36.245048
La Maison vide,Laurent Mauvignier,Prix non disponible,https://m.media-amazon.com/images/I/61L44WIYLZL._SY342_.jpg,"En 1976, mon père a rouvert la maison qu’il avait reçue de sa mère, restée fermée pendant vingt ans. À l’intérieur : un piano, une commode au marbre ébréché, une Légion d’honneur, des photographies sur lesquelles un visage a été découpé aux ciseaux. Une maison peuplée de récits, où se croisent deux ...",Habituellement expédié sous 1 à 4 semaines,Diapositive précédente des détails du produit,"17,99 €",0 avis,Non disponible,Romans français,https://www.amazon.fr/Maison-vide-Laurent-Mauvignier/dp/2707356743,2025-09-03T11:10:42.744100
Finistère,Anne Berest,"23,90€",https://m.media-amazon.com/images/I/71ijcIgL97L._SY342_.jpg,"Anne Berest, une fois encore, nous livre une magnifique reflexion sur la famille.",En stock,"3,6 sur 5 étoiles","12,99 €",13 évaluations,Non disponible,Romans français,https://www.amazon.fr/Finist%C3%A8re-Anne-Berest/dp/2226487182,2025-09-03T11:10:49.352898
Le boyfriend,Freida McFadden,Prix non disponible,https://m.media-amazon.com/images/I/71HhV5PusPL._SY342_.jpg,"Comme beaucoup de femmes célibataires de New York, Sydney a beaucoup de mal à faire des rencontres. Elle a tout vu : des hommes qui mentent sur eux-mêmes, d'autres qui lui font payer l'addition du dîner et, pire encore, des hommes qui n'arrêtent pas de parler de leur mère ! Mais elle vient de décroc...",Cet article paraîtra le 8 octobre 2025.,Diapositive précédente des détails du produit,"11,99 €",0 avis,Non disponible,Romans français,https://www.amazon.fr/boyfriend-Freida-McFadden/dp/2824627158,2025-09-03T11:10:53.710934
J'ai perdu un bédouin dans Paris,Arthur Essebag,Prix non disponible,https://m.media-amazon.com/images/I/71u9ujCK1QL._SY342_.jpg,"Je m’appelle Arthur Essebag.Depuis toujours, je vous divertis à la télévision. Je ne vous ai jamais parlé d’autre chose, car j’ai toujours considéré que ce n’était pas mon rôle.Jusqu’à ce matin où l’impensable a surgi. Des milliers de terroristes. Des villages anéantis.En quelques heures : 1 200 vie...",Cet article paraîtra le 1 octobre 2025.,Diapositive précédente des détails du produit,Broché – 1 octobre 2025,0 avis,Non disponible,Romans français,https://www.amazon.fr/Jai-perdu-b%C3%A9douin-dans-Paris/dp/2246844789,2025-09-03T11:10:57.832303
Guide de survie en milieu scolaire - par Élodie POUX,Elodie Poux,Prix non disponible,https://m.media-amazon.com/images/I/71J3lfNqFNL._SY342_.jpg,""" Un enfant, c'est un mélange entre un chat, une alarme incendie et un tube de colle. """,En stock,Diapositive précédente des détails du produit,"Broché – Illustré, 28 août 2025",0 avis,Non disponible,Romans français,https://www.amazon.fr/Guide-survie-milieu-scolaire-%C3%89lodie/dp/2321020970,2025-09-03T11:11:03.885300
Le secret des secrets,Dan Brown,Prix non disponible,https://m.media-amazon.com/images/I/71YtCnXuTVL._SY342_.jpg,"L’éminent professeur de symbologie Robert Langdon se rend à Prague pour une conférence sur la noétique donnée par son amie de longue date, Katherine Solomon. La scientifique est sur le point de publier un ouvrage révolutionnaire sur la nature de la conscience humaine.Un meurtre sauvage va soudain pr...",Cet article paraîtra le 9 septembre 2025.,Diapositive précédente des détails du produit,"16,99 €",0 avis,Non disponible,Romans français,https://www.amazon.fr/secret-secrets-Dan-Brown/dp/2709668386,2025-09-03T11:11:09.673264
Bla Bla Coeur,Ena L,Prix non disponible,https://m.media-amazon.com/images/I/91mWbQRPZRL._SY342_.jpg,"Roxane, 25 ans, célibataire désespérée, mais pas suicidaire, a monté une opération secrète : détourner un BlaBlaCar pour y réunir 4 beaux gosses soigneusement sélectionnés sur photo. Direction : la Corse.Objectif : rencontrer l’amour avant les vacances.Casting : digne (des clichés) d’une romance. Un...",Format Kindle,"4,8 sur 5 étoiles","24,00 €",562 évaluations,Non disponible,Romans français,https://www.amazon.fr/Bla-Coeur-Ena-L-ebook/dp/B0FKB8Z6CT,2025-09-03T11:11:14.556219
Le Mur invisible (Prépas scientifiques 2025-2026),Marlen Haushofer,Prix non disponible,https://m.media-amazon.com/images/I/71wmFHRt3bL._SY342_.jpg,"Voici le roman le plus célèbre et le plus émouvant de Marlen Haushofer, journal de bord d'une femme ordinaire, confrontée à une expérience-limite. Après une catastrophe planétaire, l'héroïne se retrouve seule dans un chalet en pleine forêt autrichienne, séparée du reste du monde par un ""mur invisibl...",En stock,"4,3 sur 5 étoiles","8,49 €",586 évaluations,Non disponible,Romans français,https://www.amazon.fr/Mur-invisible-Pr%C3%A9pas-scientifiques-2025-2026/dp/2330210078/ref=sr_1_17,2025-09-03T11:11:31.672364
Le Mur invisible,Haushofer Marlen,"0,00€",https://m.media-amazon.com/images/I/91PQpjLsosL._SX342_.jpg,"Voici le roman le plus célèbre et le plus émouvant de Marlen Haushofer, journal de bord d'une femme ordinaire, confrontée à une expérience-limite.","Livres audio Audible 

                        – Version intégrale","4,3 sur 5 étoiles","8,49 €",586 évaluations,Non disponible,Romans français,https://www.amazon.fr/Le-Mur-invisible/dp/B081D3KW2F/ref=sr_1_17,2025-09-03T11:11:35.790270
Le mur invisible,Marlen Haushofer,Prix non disponible,https://m.media-amazon.com/images/I/81bfJpjabvL._SY385_.jpg,"A la suite d'une catastrophe planétaire, une femme fait l'apprentissage de la solitude et de la peur.",Format Kindle,"4,3 sur 5 étoiles","2 000,00 €",586 évaluations,Non disponible,Romans français,https://www.amazon.fr/mur-invisible-Marlen-Haushofer-ebook/dp/B00INXHWV6/ref=sr_1_17,2025-09-03T11:11:40.747779
Le mur invisible,Marlen Haushofer,Prix non disponible,https://m.media-amazon.com/images/I/61-oBhfK6iL._SY385_.jpg,Une catastrophe sans doute planétaire mais dont l’origine chimique ou nucléaire restera indéfinie va bouleverser l’existence d’une femme ordinaire. Elle se retrouve soudain séparée du reste du monde par un mur invisible au-delà duquel toute vie semble s’être pétrifiée durant la nuit. Le roman le plu...,Il ne reste plus que 1 exemplaire(s) en stock.,"4,3 sur 5 étoiles","8,49 €",586 évaluations,Non disponible,Romans français,https://www.amazon.fr/mur-invisible-Marlen-Haushofer/dp/2330031025/ref=sr_1_17,2025-09-03T11:11:46.822344
Le Mur invisible by Marlen Haushofer (1992-04-24),Auteur inconnu,Prix non disponible,https://m.media-amazon.com/images/I/516BY+3VI+L._SY342_.jpg,Pas de description,En stock,"4,3 sur 5 étoiles","8,49 €",586 évaluations,Non disponible,Romans français,https://www.amazon.fr/Mur-invisible-Marlen-Haushofer-1992-04-24/dp/B01A68U5J6/ref=sr_1_17,2025-09-03T11:11:53.228429
Mur Invisible livre audio – 6 novembre 2019,Marlen Haushofer,Prix non disponible,https://m.media-amazon.com/images/I/61dK1wTJnCL._SY342_.jpg,Une catastrophe sans doute planétaire mais dont l’origine chimique ou nucléaire restera indéfinie va bouleverser l’existence d’une femme ordinaire. Elle se retrouve soudain séparée du reste du monde par un mur invisible au-delà duquel toute vie semble s’être pétrifiée durant la nuit. Le roman le plu...,Il ne reste plus que 1 exemplaire(s) en stock.,"4,3 sur 5 étoiles","8,49 €",586 évaluations,Non disponible,Romans français,https://www.amazon.fr/Mur-invisible-Marlen-Haushofer/dp/2330128711/ref=sr_1_17,2025-09-03T11:11:59.509644
Kilomètre zéro : Le chemin du bonheur,Maud Ankaoua,"7,90€",https://m.media-amazon.com/images/I/618Q9+ZRzRL._SY342_.jpg,"Maëlle, directrice financière d'une start-up en pleine expansion, n'a tout simplement pas le temps pour les rêves. Mais quand sa meilleure amie, Romane, lui demande un immense service - question de vie ou de mort -, elle accepte malgré elle de rejoindre le Népal. Elle ignore que l'ascension des Anna...",En stock,"4,5 sur 5 étoiles","7,99 €",14 134 évaluations,Non disponible,Romans français,https://www.amazon.fr/Kilom%C3%A8tre-z%C3%A9ro-chemin-du-bonheur/dp/229021051X/ref=sr_1_18,2025-09-03T11:12:05.785272
Kilomètre zéro: Le chemin du bonheur (Roman Eyrolles),Maud Ankaoua,Prix non disponible,https://m.media-amazon.com/images/I/81q3B5844-L._SY342_.jpg,"Et vous, jusqu'où irez-vous pour sauver une amie ?",Format Kindle,"4,5 sur 5 étoiles","16,00 €",14 134 évaluations,Non disponible,Romans français,https://www.amazon.fr/Kilom%C3%A8tre-z%C3%A9ro-chemin-du-bonheur-ebook/dp/B07657NQ86/ref=sr_1_18,2025-09-03T11:12:10.563376
Kilomètre zéro,Maud Ankaoua,"0,00€",https://m.media-amazon.com/images/I/71IJJz7vfoL._SX342_.jpg,"Et vous, jusqu'où irez-vous pour sauver une amie ?","Livres audio Audible 

                        – Version intégrale","4,5 sur 5 étoiles","7,99 €",14 134 évaluations,Non disponible,Romans français,https://www.amazon.fr/Kilom%C3%A8tre-z%C3%A9ro/dp/B08BWWMNPZ/ref=sr_1_18,2025-09-03T11:12:14.667199
Kilomètre zéro: Le chemin du bonheur,Maud Ankaoua,"16,00€",https://m.media-amazon.com/images/I/61ji-jNMppL._SY342_.jpg,"Et vous, jusqu'où irez-vous pour sauver une amie ?",En stock,"4,5 sur 5 étoiles","7,99 €",14 134 évaluations,Non disponible,Romans français,https://www.amazon.fr/Kilom%C3%A8tre-z%C3%A9ro-chemin-du-bonheur/dp/221256743X/ref=sr_1_18,2025-09-03T11:12:19.576899
"Le Pumpkin Spice Café: La série TikTok à succès, pour les fans de romance cosy en 2025 !",Laurie Gilmore,Prix non disponible,https://m.media-amazon.com/images/I/71cnAkU1sNL._SY342_.jpg,"N’attendez plus : le phénomène TikTok planétaire arrive enfin en France ! Lorsque la tante de Jeanie lui confie le Pumpkin Spice Café, lieu de rencontre bien-aimé de la petite ville de Dream Harbor, la jeune femme saute sur l’occasion pour prendre un nouveau départ, loin de son travail de bureau dép...",Cet article paraîtra le 24 septembre 2025.,"4,2 sur 5 étoiles","Broché – Grand livre, 24 septembre 2025",401 évaluations,Non disponible,Romans français,https://www.amazon.fr/Pumpkin-Spice-Caf%C3%A9-TikTok-romance/dp/B0F7B5JL7M/ref=sr_1_33,2025-09-03T11:12:38.655549
Le Pumpkin Spice Café : Le livre cosy de votre hiver ! Dream Harbor #1,Laurie Gilmore,Prix non disponible,https://m.media-amazon.com/images/I/810a0wCF0BL._SY342_.jpg,N’attendez plus : le phénomène TikTok planétaire arrive enfin en France !,Format Kindle,"4,2 sur 5 étoiles","19,50 €",401 évaluations,Non disponible,Romans français,https://www.amazon.fr/Pumpkin-Spice-Caf%C3%A9-livre-Harbor-ebook/dp/B0DM62L7N3/ref=sr_1_33,2025-09-03T11:12:44.220441
Le Pumpkin Spice Café,Laurie Gilmore,"0,00€",https://m.media-amazon.com/images/I/81EJS9IZs9L._SX342_.jpg,N'attendez plus : le phénomène TikTok planétaire arrive enfin en France !,"Livres audio Audible 

                        – Version coupée","4,2 sur 5 étoiles","19,50 €",401 évaluations,Non disponible,Romans français,https://www.amazon.fr/Audible-Studios-on-Brilliance-Pumpkin/dp/B0F79N6G2S/ref=sr_1_33,2025-09-03T11:12:51.062368
"La Soeur de l'ombre (Les sept Soeurs, Tome 3)",Lucinda Riley,"10,90€",https://m.media-amazon.com/images/I/81Vs+h+zwUL._SY342_.jpg,"À la mort de leur père, énigmatique milliardaire qui les a ramenées des quatre coins du monde et adoptées lorsqu’elles étaient bébés, Star d’Aplièse et ses sœurs se retrouvent dans la maison de leur enfance, Atlantis, un magnifique château sur les bords du lac de Genève. Pour héritage, elles reçoive...",En stock,"4,6 sur 5 étoiles","7,99 €",14 407 évaluations,Non disponible,Romans français,https://www.amazon.fr/Soeur-lombre-sept-Soeurs/dp/225326234X/ref=sr_1_34,2025-09-03T11:12:55.970905
La sœur de l'ombre: Les sept sœurs - 3,Lucinda Riley,Prix non disponible,https://m.media-amazon.com/images/I/81yvKaSjzzL._SY342_.jpg,Le tome 3 de la saga best-seller !,Format Kindle,"4,6 sur 5 étoiles","23,90 €",14 407 évaluations,Non disponible,Romans français,https://www.amazon.fr/s%C5%93ur-lombre-sept-s%C5%93urs-T3-ebook/dp/B0BTPW2HW4/ref=sr_1_34,2025-09-03T11:13:01.032394
La Soeur de l'ombre: Les Sept Soeurs 3,Lucinda Riley,"0,00€",https://m.media-amazon.com/images/I/91WQ8WWaIhL._SX342_.jpg,"À la mort de leur père, énigmatique milliardaire qui les a adoptées aux quatre coins du monde lorsqu'elles étaient bébés, Star d'Aplièse et ses sœurs se retrouvent dans la maison de leur enfance, Atlantis, un magnifique château sur les bords du lac de Genève.","Livres audio Audible 

                        – Version intégrale","4,6 sur 5 étoiles","7,99 €",14 407 évaluations,Non disponible,Romans français,https://www.amazon.fr/Soeur-lombre-Sept-Soeurs/dp/B0C2Q5DKQ8/ref=sr_1_34,2025-09-03T11:13:07.119234
La soeur de l'ombre: Les sept soeurs,Lucinda Riley,"19,90€",https://m.media-amazon.com/images/I/81F-rQSDQ3L._SY342_.jpg,"A la mort de leur père, énigmatique milliardaire qui les a adoptées aux quatre coins du monde lorsqu'elles étaient bébés, Star d'Aplièse et ses soeurs se retrouvent dans la maison de leur enfance, Atlantis, un magnifique château sur les bords du lac de Genève. Star, la troisième soeur, est la plus m...",En stock,"4,6 sur 5 étoiles","7,99 €",14 407 évaluations,Non disponible,Romans français,https://www.amazon.fr/soeur-lombre-Lucinda-Riley/dp/2368125140/ref=sr_1_34,2025-09-03T11:13:12.265210
La Sœur de l'ombre,Lucinda Riley,"23,90€",https://m.media-amazon.com/images/I/71w9u7PEe5L._SY342_.jpg,"À la mort de leur père, énigmatique milliardaire qui les a adoptées aux quatre coins du monde lorsqu’elles étaient bébés, Star d’Aplièse et ses soeurs se retrouvent dans la maison de leur enfance, Atlantis, un magnifique château sur les bords du lac de Genève.",Il ne reste plus que 11 exemplaire(s) en stock (d'autres exemplaires sont en cours d'acheminement).,"4,6 sur 5 étoiles","7,99 €",14 407 évaluations,Non disponible,Romans français,https://www.amazon.fr/S%C5%93ur-lombre-Lucinda-Riley/dp/2385290529/ref=sr_1_34,2025-09-03T11:13:17.594780
"La Soeur de l'ombre - Les Sept Soeurs, tome 3: Livre audio 2 CD MP3",Lucinda Riley,Prix non disponible,https://m.media-amazon.com/images/I/817MThh0ygL._SY342_.jpg,"À la mort de leur père, énigmatique milliardaire qui les a adoptées aux quatre coins du monde lorsqu’elles étaient bébés, Star d’Aplièse et ses sœurs se retrouvent dans la maison de leur enfance, Atlantis, un magnifique château sur les bords du lac de Genève.Star, la troisième sœur, est la plus myst...",Il ne reste plus que 1 exemplaire(s) en stock (d'autres exemplaires sont en cours d'acheminement).,"4,6 sur 5 étoiles","7,99 €",14 407 évaluations,Non disponible,Romans français,https://www.amazon.fr/Soeur-lombre-Soeurs-Livre-audio/dp/B0CVL21GSV/ref=sr_1_34,2025-09-03T11:13:22.319438
Les gens qui m'appellent Liam ne me connaissent pas,Julie Madar,Prix non disponible,https://m.media-amazon.com/images/I/71yJ96F0P9L._SY342_.jpg,"Suivie par 900 000 personnes, Liam joue le jeu en postant régulièrement des moments intimes et heureux de sa vie. Mais derrière le filtre, la réalité et le quotidien de Léa reprennent. Mariée à un homme condamné à douze ans de prison et maman de quatre enfants dont une petite fille lourdement handic...",Cet article paraîtra le 2 octobre 2025.,Diapositive précédente des détails du produit,"12,99 €",0 avis,Non disponible,Romans français,https://www.amazon.fr/gens-qui-mappellent-Liam-connaissent/dp/B0FBWB74G7/ref=sr_1_35,2025-09-03T11:13:27.957532
Là où chantent les écrevisses,Delia Owens,"9,90€",https://m.media-amazon.com/images/I/81A4nzP1dOL._SY342_.jpg,« Un superbe hymne à la nature. »,En stock,"4,6 sur 5 étoiles","8,49 €",9 833 évaluations,Non disponible,Romans français,https://www.amazon.fr/L%C3%A0-chantent-%C3%A9crevisses-Delia-Owens/dp/2757889974/ref=sr_1_49,2025-09-03T11:13:46.727461
Là où chantent les écrevisses,Delia Owens,Prix non disponible,https://m.media-amazon.com/images/I/81Vn+X6Y3bL._SY342_.jpg,Traduit de l’anglais (Etats-Unis) par Marc Amfreville,Format Kindle,"4,6 sur 5 étoiles","22,50 €",9 833 évaluations,Non disponible,Romans français,https://www.amazon.fr/L%C3%A0-chantent-%C3%A9crevisses-Delia-Owens-ebook/dp/B081S34QPP/ref=sr_1_49,2025-09-03T11:13:51.202773
Là où chantent les écrevisses,Delia Owens,"0,00€",https://m.media-amazon.com/images/I/81NuQYb9AHL._SX342_.jpg,"Pendant des années, les rumeurs les plus folles ont couru sur ""la Fille des marais"" de Barkley Cove, une petite ville de Caroline du Nord. Pourtant, Kya n'est pas cette fille sauvage et analphabète que tous imaginent et craignent.","Livres audio Audible 

                        – Version intégrale","4,6 sur 5 étoiles","8,49 €",9 833 évaluations,Non disponible,Romans français,https://www.amazon.fr/L%C3%A0-o%C3%B9-chantent-les-%C3%A9crevisses/dp/B08FXMYDWL/ref=sr_1_49,2025-09-03T11:13:56.154895
Là où chantent les écrevisses,Delia Owens,"22,50€",https://m.media-amazon.com/images/I/61kzn3dLLDL._SY342_.jpg,Traduit de l’anglais (Etats-Unis) par Marc Amfreville,,"4,6 sur 5 étoiles","8,49 €",9 833 évaluations,Non disponible,Romans français,https://www.amazon.fr/L%C3%A0-chantent-%C3%A9crevisses-Delia-Owens/dp/2021412865/ref=sr_1_49,2025-09-03T11:14:02.025475
Là où chantent les écrevisses: Livre audio 2 CD MP3,Delia Owens,Prix non disponible,https://m.media-amazon.com/images/I/71O74RXpr3L._SY342_.jpg,"Pendant des années, les rumeurs les plus folles ont couru sur « la Fille des marais » de Barkley Cove, une petite ville de Caroline du Nord. Pourtant, Kya n’est pas cette fille sauvage et analphabète que tous imaginent et craignent.À l’âge de dix ans, abandonnée par sa famille, elle doit apprendre à...",Il ne reste plus que 3 exemplaire(s) en stock (d'autres exemplaires sont en cours d'acheminement).,"4,6 sur 5 étoiles","8,49 €",9 833 évaluations,Non disponible,Romans français,https://www.amazon.fr/L%C3%A0-o%C3%B9-chantent-%C3%A9crevisses-Livre/dp/B0898WJ6MY/ref=sr_1_49,2025-09-03T11:14:07.457735
Le boyfriend,Freida McFadden,Prix non disponible,https://m.media-amazon.com/images/I/71HhV5PusPL._SY342_.jpg,"Comme beaucoup de femmes célibataires de New York, Sydney a beaucoup de mal à faire des rencontres. Elle a tout vu : des hommes qui mentent sur eux-mêmes, d'autres qui lui font payer l'addition du dîner et, pire encore, des hommes qui n'arrêtent pas de parler de leur mère ! Mais elle vient de décroc...",Cet article paraîtra le 8 octobre 2025.,Diapositive précédente des détails du produit,"11,99 €",0 avis,Non disponible,Romans français,https://www.amazon.fr/boyfriend-Freida-McFadden/dp/2824627158/ref=sr_1_50,2025-09-03T11:14:12.871412
Le boyfriend,Freida McFadden,Prix non disponible,https://m.media-amazon.com/images/I/7196QGrJYkL._SY342_.jpg,"Comme beaucoup de femmes célibataires de New York, Sydney a beaucoup de mal à faire des rencontres. Elle a tout vu : des hommes qui mentent sur eux-mêmes, d'autres qui lui font payer l'addition du dîner et, pire encore, des hommes qui n'arrêtent pas de parler de leur mère ! Mais elle vient de décroc...",Format Kindle,Diapositive précédente des détails du produit,"22,00 €",0 avis,Non disponible,Romans français,https://www.amazon.fr/boyfriend-Freida-McFadden-ebook/dp/B0F9NNBS22/ref=sr_1_50,2025-09-03T11:14:16.674351
Le Boyfriend,Freida McFadden,"0,00€",https://m.media-amazon.com/images/I/61fDAKziozL._SX342_.jpg,"Freida McFadden revient dans un thriller plus sombre que jamais, porté par un duo de comédiens",Précommander,Diapositive précédente des détails du produit,"11,99 €",0 avis,Non disponible,Romans français,https://www.amazon.fr/Audible-Le-Boyfriend/dp/B0FJLWMBV4/ref=sr_1_50,2025-09-03T11:14:21.676768
La Dernière allumette,Marie Vareille,Prix non disponible,https://m.media-amazon.com/images/I/81uofyYLuUL._SY342_.jpg,"Depuis plus de vingt ans, Abigaëlle vit recluse dans un couvent en Bourgogne. Sa vie d’avant ? Elle l’a en grande partie oubliée. Elle est même incapable de se rappeler l’événement qui a fait basculer sa destinée et l’a poussée à se retirer du monde. De loin, elle observe la vie parisienne de Gabrie...",Format Kindle,"4,6 sur 5 étoiles","20,90 €",3 751 évaluations,Non disponible,Romans français,https://www.amazon.fr/Derni%C3%A8re-allumette-Marie-Vareille-ebook/dp/B0CPRVZ9GW/ref=sr_1_51,2025-09-03T11:14:26.347437
La Dernière Allumette,Marie Vareille,"8,90€",https://m.media-amazon.com/images/I/715xVsipdlL._SY342_.jpg,"Depuis plus de vingt ans, Abigaëlle vit recluse dans un couvent en Bourgogne. Sa vie d’avant ? Elle l’a en grande partie oubliée. Elle est même incapable de se rappeler l’événement qui a fait basculer sa destinée et l’a poussée à se retirer du monde. De loin, elle observe la vie parisienne de Gabrie...",En stock,"4,6 sur 5 étoiles","6,99 €",3 751 évaluations,Non disponible,Romans français,https://www.amazon.fr/Derni%C3%A8re-Allumette-Marie-Vareille/dp/2253251038/ref=sr_1_51,2025-09-03T11:14:32.180596
La Maison vide,Laurent Mauvignier,Prix non disponible,https://m.media-amazon.com/images/I/61L44WIYLZL._SY342_.jpg,"En 1976, mon père a rouvert la maison qu’il avait reçue de sa mère, restée fermée pendant vingt ans. À l’intérieur : un piano, une commode au marbre ébréché, une Légion d’honneur, des photographies sur lesquelles un visage a été découpé aux ciseaux. Une maison peuplée de récits, où se croisent deux ...",Habituellement expédié sous 1 à 4 semaines,Diapositive précédente des détails du produit,"17,99 €",0 avis,Non disponible,Romans français,https://www.amazon.fr/Maison-vide-Laurent-Mauvignier/dp/2707356743/ref=sr_1_65,2025-09-03T11:14:48.906095
La maison vide,Laurent Mauvignier,Prix non disponible,https://m.media-amazon.com/images/I/61o2m+8cRKL._SY342_.jpg,"En 1976, mon père a rouvert la maison qu’il avait reçue de sa mère, restée fermée pendant vingt ans. À l’intérieur : un piano, une commode au marbre ébréché, une Légion d’honneur, des photographies sur lesquelles un visage a été découpé aux ciseaux. Une maison peuplée de récits, où se croisent deux ...",Format Kindle,Diapositive précédente des détails du produit,"25,00 €",0 avis,Non disponible,Romans français,https://www.amazon.fr/maison-vide-Laurent-Mauvignier-ebook/dp/B0FFBJFDRF/ref=sr_1_65,2025-09-03T11:14:53.324053
Sur tes traces,Harlan Coben,"9,30€",https://m.media-amazon.com/images/I/61BSSzU4nOL._SY342_.jpg,"Il y a cinq ans, David prenait perpétuité pour le meurtre de son enfant.  Aujourd'hui, David apprend que son fils est vivant...",En stock,"4,4 sur 5 étoiles","15,99 €",2 124 évaluations,Non disponible,Romans français,https://www.amazon.fr/Sur-tes-traces-Harlan-Coben/dp/2266341685/ref=sr_1_66,2025-09-03T11:14:58.951945
Sur tes traces,Harlan Coben,Prix non disponible,https://m.media-amazon.com/images/I/71ypc9P1GKL._SY342_.jpg,"Il y a cinq ans, David prenait perpétuité pour le meurtre de son enfant.Aujourd'hui, David apprend que son fils est vivant...Il y a cinq ans, David avait tout : un mariage heureux, un petit garçon, Matthew.Aujourd'hui, David est en prison à vie pour le meurtre de son fils.Délire alcoolique ? Crise p...",Format Kindle,"4,4 sur 5 étoiles","22,90 €",2 124 évaluations,Non disponible,Romans français,https://www.amazon.fr/Sur-tes-traces-Harlan-Coben-ebook/dp/B0CCQ119W1/ref=sr_1_66,2025-09-03T11:15:04.941383
Sur tes traces,Harlan Coben,"0,00€",https://m.media-amazon.com/images/I/71YNEIuZfTL._SX342_.jpg,​Où trouver la force de se battre quand on a tout perdu ?,"Livres audio Audible 

                        – Version intégrale","4,4 sur 5 étoiles","15,99 €",2 124 évaluations,Non disponible,Romans français,https://www.amazon.fr/Audible-Sur-tes-traces/dp/B0CJCD381Q/ref=sr_1_66,2025-09-03T11:15:11.122883
Sur tes traces,Harlan Coben,"22,90€",https://m.media-amazon.com/images/I/615hZf2TcqL._SY342_.jpg,"Il y a cinq ans, David prenait perpétuité pour le meurtre de son enfant.  Aujourd'hui, David apprend que son fils est vivant...",En stock,"4,4 sur 5 étoiles","15,99 €",2 124 évaluations,Non disponible,Romans français,https://www.amazon.fr/Sur-tes-traces-Harlan-Coben/dp/2714495109/ref=sr_1_66,2025-09-03T11:15:17.309329
Sur tes traces,Harlan Coben,"22,90€",https://m.media-amazon.com/images/I/51L+DmkKWQL._SY342_.jpg,​Où trouver la force de se battre quand on a tout perdu ?,Il ne reste plus que 4 exemplaire(s) en stock (d'autres exemplaires sont en cours d'acheminement).,"4,4 sur 5 étoiles","15,99 €",2 124 évaluations,Non disponible,Romans français,https://www.amazon.fr/Sur-tes-traces-Harlan-Coben/dp/B0C7Z84WRJ/ref=sr_1_66,2025-09-03T11:15:22.259351
Post mortem: Prix du Quai des Orfèvres 2025,Olivier Tournut,"9,90€",https://m.media-amazon.com/images/I/71UrEuWRKiL._SY342_.jpg,"""Une œuvre pas belle à voir"" : telle est la façon dont la scène de crime a été décrite à la capitaine Isabelle Le Peletier avant son arrivée sur les lieux. Mais rien n'aurait pu la préparer à une telle horreur. Dans un grand appartement parisien, vide de tout meuble, le corps d'un homme l'attend ass...",En stock,"4,2 sur 5 étoiles","7,99 €",1 714 évaluations,Non disponible,Romans français,https://www.amazon.fr/Post-mortem-Prix-Quai-Orf%C3%A8vres/dp/2213727813/ref=sr_1_67,2025-09-03T11:15:28.287913
Post mortem : Prix du Quai des Orfèvres 2025,Olivier Tournut,Prix non disponible,https://m.media-amazon.com/images/I/71sExJ3vojL._SY342_.jpg,"""Une œuvre pas belle à voir"" : telle est la façon dont la scène de crime a été décrite à la capitaine Isabelle Le Peletier avant son arrivée sur les lieux. Mais rien n'aurait pu la préparer à une telle horreur. Dans un grand appartement parisien, vide de tout meuble, le corps d'un homme l'attend ass...",Format Kindle,"4,2 sur 5 étoiles","9,90 €",1 714 évaluations,Non disponible,Romans français,https://www.amazon.fr/Post-mortem-Prix-Quai-Orf%C3%A8vres-ebook/dp/B0DHGSJXRL/ref=sr_1_67,2025-09-03T11:15:34.046537
Post mortem,Olivier Tournut,"0,00€",https://m.media-amazon.com/images/I/810-F+9w4HL._SX342_.jpg,"""Une œuvre pas belle à voir"" : telle est la façon dont la scène de crime a été décrite à la capitaine Isabelle Le Peletier avant son arrivée sur les lieux. Mais rien n’aurait pu la préparer à une telle horreur. Dans un grand appartement parisien, vide de tout meuble, le corps d’un homme l’attend ass...","Livres audio Audible 

                        – Version intégrale","4,2 sur 5 étoiles","7,99 €",1 714 évaluations,Non disponible,Romans français,https://www.amazon.fr/Audible-Studios-on-Brilliance-mortem/dp/B0DK7BCQNM/ref=sr_1_67,2025-09-03T11:15:38.979049
"La mort c'est ma vie: Dr. Philippe Boxho, le médecin légiste qui fait parler les morts.",Philippe Boxho,"19,90€",https://m.media-amazon.com/images/I/81VyKEiT+zL._SY342_.jpg,"« Ce qui a motivé mon choix de la médecine légale ?Le hasard. J’avais 18 ans, l’âge où tout est possible, et la prêtrise me tentait beaucoup, j’adorais étudier les évangiles, rencontrer les gens, aider ceux qui en avaient besoin, et je me sentais prêt à m’y engager.Mais j’ai choisi de faire des étud...",En stock,"4,6 sur 5 étoiles","Broché – Grand livre, 27 août 2025",23 évaluations,Non disponible,Science-fiction,https://www.amazon.fr/mort-cest-vie-Philippe-m%C3%A9decin/dp/2931300160,2025-09-03T11:16:06.302247
"Chut, ma puce: Un thriller palpitant au suspens incroyable (Les enquêtes de l'inspectrice Josie Quinn t. 11)",Lisa Regan,Prix non disponible,https://m.media-amazon.com/images/I/81-ohxX4N1L._SY342_.jpg,"Vêtue d’un pyjama couvert d’étoiles, la petite fille est parfaitement immobile, les bras bien croisés sur la poitrine. Les fleurs sauvages qui ornent ses cheveux s’éparpillent dans l’herbe sous l’effet de la brise. Ses lèvres sont légèrement entrouvertes, comme pour murmurer bonne nuit pour la toute...",Format Kindle,"4,5 sur 5 étoiles","11,98 €",401 évaluations,Non disponible,Science-fiction,https://www.amazon.fr/Chut-puce-palpitant-incroyable-linspectrice-ebook/dp/B0F14G5J9W,2025-09-03T11:16:12.609798
Le secret des secrets,Dan Brown,Prix non disponible,https://m.media-amazon.com/images/I/71YtCnXuTVL._SY342_.jpg,"L’éminent professeur de symbologie Robert Langdon se rend à Prague pour une conférence sur la noétique donnée par son amie de longue date, Katherine Solomon. La scientifique est sur le point de publier un ouvrage révolutionnaire sur la nature de la conscience humaine.Un meurtre sauvage va soudain pr...",Cet article paraîtra le 9 septembre 2025.,Diapositive précédente des détails du produit,"16,99 €",0 avis,Non disponible,Science-fiction,https://www.amazon.fr/secret-secrets-Dan-Brown/dp/2709668386,2025-09-03T11:16:18.161829
The Hallmarked Man: Cormoran Strike Book 8 (English Edition),Robert Galbraith,Prix non disponible,https://m.media-amazon.com/images/I/819s6imvivL._SY342_.jpg,'A triumph of storytelling',Format Kindle,Diapositive précédente des détails du produit,"38,56 €",0 avis,Non disponible,Science-fiction,https://www.amazon.fr/Hallmarked-Man-Cormoran-Strike-English-ebook/dp/B0DS571XMN,2025-09-03T11:16:24.170913
Le boyfriend,Freida McFadden,Prix non disponible,https://m.media-amazon.com/images/I/71HhV5PusPL._SY342_.jpg,"Comme beaucoup de femmes célibataires de New York, Sydney a beaucoup de mal à faire des rencontres. Elle a tout vu : des hommes qui mentent sur eux-mêmes, d'autres qui lui font payer l'addition du dîner et, pire encore, des hommes qui n'arrêtent pas de parler de leur mère ! Mais elle vient de décroc...",Cet article paraîtra le 8 octobre 2025.,Diapositive précédente des détails du produit,"11,99 €",0 avis,Non disponible,Science-fiction,https://www.amazon.fr/boyfriend-Freida-McFadden/dp/2824627158,2025-09-03T11:16:28.999862
"Mort sur la Seine: Enquête, mystère et romance au XIXe siècle (Détectives en jupons)",S.D. Fischer,Prix non disponible,https://m.media-amazon.com/images/I/61eP8+oIvOL._SY342_.jpg,"Enquête, mystère et romance sous la Monarchie de Juillet !",Format Kindle,"4,8 sur 5 étoiles","25,00 €",11 évaluations,Non disponible,Science-fiction,https://www.amazon.fr/Mort-sur-Seine-Enqu%C3%AAte-D%C3%A9tectives-ebook/dp/B0FG2HDG3S,2025-09-03T11:16:34.322112
The Hallmarked Man: Cormoran Strike Book 8,Robert Galbraith,Prix non disponible,https://m.media-amazon.com/images/I/819s6imvivL._SY342_.jpg,'A triumph of storytelling',En stock,Diapositive précédente des détails du produit,"19,99 €",0 avis,Non disponible,Science-fiction,https://www.amazon.fr/Hallmarked-Man-Cormoran-Strike-Book/dp/1408723794,2025-09-03T11:16:38.982372
La belle-mère parfaite,SL Harker,Prix non disponible,https://m.media-amazon.com/images/I/717KO-AuXQL._SY342_.jpg,"« Je suis coincée dans cette maison jusqu'à ce que mon mari revienne de voyage, et je vais devoir trouver le moyen de vivre avec cette femme dans cet endroit sombre et froid. Je crains qu'au fond d'elle-même, elle ne soit quelque peu déséquilibrée et qu’elle ne cache un sombre secret ».",Format Kindle,"3,9 sur 5 étoiles","10,99 €",54 évaluations,Non disponible,Science-fiction,https://www.amazon.fr/belle-m%C3%A8re-parfaite-SL-Harker-ebook/dp/B0FLVH9RC1,2025-09-03T11:16:44.714389
"Tu deviendras bourreau : Thriller policier captivant — Exécution numérique 'live', otage en sursis, course contre la mort (Les enquêtes de l’inspectrice Georgina Stuart t. 5)",Emma  De Luca,Prix non disponible,https://m.media-amazon.com/images/I/71o-SwIumSL._SY342_.jpg,Une vidéo en direct.Une étudiante captive.Six heures avant l'exécution.,Format Kindle,"4,6 sur 5 étoiles","17,92 €",7 évaluations,Non disponible,Science-fiction,https://www.amazon.fr/deviendras-bourreau-captivant-Ex%C3%A9cution-linspectrice-ebook/dp/B0FJBR54TL,2025-09-03T11:16:50.910754
"38, rue de Londres: De l'impunité, Pinochet et le nazi de Patagonie",Philippe Sands,Prix non disponible,https://m.media-amazon.com/images/I/91LckzzOVZL._SY342_.jpg,"Dans la soirée du 16 octobre 1998, le dictateur chilien Augusto Pinochet est arrêté dans une clinique de Londres.",En stock,Diapositive précédente des détails du produit,"16,99 €",0 avis,Non disponible,Science-fiction,https://www.amazon.fr/38-rue-Londres-limpunit%C3%A9-Patagonie/dp/2226493441,2025-09-03T11:16:56.635322
Le Couple d'à côté,Shari Lapena,Prix non disponible,https://m.media-amazon.com/images/I/61Nbz2AipTL._SY342_.jpg,"Ce soir, Anne et Marco sont invités à dîner chez leurs voisins, le couple d'à côté. Comme la baby-sitter annule au dernier moment et que les maisons sont mitoyennes, Marco convainc Anne de laisser Cora, 6 mois, dans son berceau et d'emporter le babyphone. Tout se passe comme prévu malgré la chaleur ...",Disponible pour expédition d'ici 1 à 2 jours,"4,2 sur 5 étoiles","12,99 €",3 290 évaluations,Non disponible,Science-fiction,https://www.amazon.fr/Couple-d%C3%A0-c%C3%B4t%C3%A9-Shari-LAPENA/dp/2266286277/ref=sr_1_19,2025-09-03T11:17:14.850620
Le couple d'à côté : thriller psychologique par Shari Lapena,Shari Lapena,Prix non disponible,https://m.media-amazon.com/images/I/71HgaiUrxYL._SY342_.jpg,"Ne vous fiez pas au bonheur de façade...Anne et Marco sont invités à dîner chez leurs voisins. Au dernier moment, la baby-sitter leur fait faux bond. Qu'à cela ne tienne : ils emportent avec eux le babyphone et passeront toutes les demi-heures surveiller le bébé. La soirée s'étire. La dernière fois ...",Format Kindle,"4,2 sur 5 étoiles","8,10 €",3 290 évaluations,Non disponible,Science-fiction,https://www.amazon.fr/couple-d%C3%A0-c%C3%B4t%C3%A9-Shari-LAPENA-ebook/dp/B07575KKML/ref=sr_1_19,2025-09-03T11:17:19.364190
Le couple d'à côté,Shari Lapena,"0,00€",https://m.media-amazon.com/images/I/91uIdnOWx4L._SX342_.jpg,"Le soir où Anne et Marco sont invités à dîner chez leurs voisins, la baby-sitter leur fait faux bond. Après six mois de pouponnage et de dépression post-partum, ils avaient pourtant bien besoin de se divertir. Marco, surtout. Qu'à cela ne tienne, insiste ce dernier : les maisons sont mitoyennes, ils...","Livres audio Audible 

                        – Version intégrale","4,2 sur 5 étoiles","12,99 €",3 290 évaluations,Non disponible,Science-fiction,https://www.amazon.fr/Le-couple-d%C3%A0-c%C3%B4t%C3%A9/dp/B07DJMVRX5/ref=sr_1_19,2025-09-03T11:17:24.087209
Le couple d'à côté : thriller psychologique par Shari Lapena,Shari Lapena,"22,90 €",https://m.media-amazon.com/images/I/71liI3Au1pL._SY342_.jpg,Ne vous fiez pas au bonheur de façade...,"Broché – Grand livre, 21 septembre 2017","4,2 sur 5 étoiles","12,99 €",3 290 évaluations,Non disponible,Science-fiction,https://www.amazon.fr/Couple-d%C3%A0-c%C3%B4t%C3%A9-Shari-LAPENA/dp/2258137659/ref=sr_1_19,2025-09-03T11:17:30.174989
Le couple d'à côté,Shari Lapena,Prix non disponible,https://m.media-amazon.com/images/I/61dM4nXQf7L._SY342_.jpg,Vous ne savez jamais ce qui se passe de l'autre côté du mur.,Habituellement expédié sous 3 à 4 jours,"4,2 sur 5 étoiles","12,99 €",3 290 évaluations,Non disponible,Science-fiction,https://www.amazon.fr/couple-d%C3%A0-c%C3%B4t%C3%A9-Shari-LAPENA/dp/B07B5WB6G1/ref=sr_1_19,2025-09-03T11:17:36.559800
Lakestone - tome 2,Sarah Rivens,Prix non disponible,https://m.media-amazon.com/images/I/819DUv4HFfL._SY342_.jpg,"Huit mois se sont écoulés depuis la chute de Kai du haut de la falaise. Son corps reste introuvable, et l’ombre du mercenaire hante toujours Iris. Tout semble la ramener à Kai, à son souvenir, aussi vif que troublant. Tandis que les autres avancent, elle reste prisonnière de ce qu’il a laissé derriè...",En stock,"4,8 sur 5 étoiles","9,99 €",2 859 évaluations,Non disponible,Science-fiction,https://www.amazon.fr/Lakestone-2-Sarah-Rivens/dp/2017286214/ref=sr_1_20,2025-09-03T11:17:42.215706
"Lakestone: Lakestone, tome 2",Sarah Rivens,"0,00€",https://m.media-amazon.com/images/I/81LrO6eJy8L._SX342_.jpg,"Huit mois se sont écoulés depuis la chute de Kai du haut de la falaise. Son corps reste introuvable, et l'ombre du mercenaire hante toujours Iris. Tout semble la ramener à Kai, à son souvenir, aussi vif que troublant. Tandis que les autres avancent, elle reste prisonnière de ce qu'il a laissé derriè...","Livres audio Audible 

                        – Version intégrale","4,8 sur 5 étoiles","9,99 €",2 859 évaluations,Non disponible,Science-fiction,https://www.amazon.fr/Audible-Lakestone-tome-2/dp/B0F48W29RQ/ref=sr_1_20,2025-09-03T11:17:46.543989
Lakestone - tome 2,Sarah Rivens,Prix non disponible,https://m.media-amazon.com/images/I/81WtCdelaML._SY342_.jpg,"Huit mois se sont écoulés depuis la chute de Kai du haut de la falaise. Son corps reste introuvable, et l’ombre du mercenaire hante toujours Iris. Tout semble la ramener à Kai, à son souvenir, aussi vif que troublant. Tandis que les autres avancent, elle reste prisonnière de ce qu’il a laissé derriè...",Format Kindle,"4,8 sur 5 étoiles","20,00 €",2 859 évaluations,Non disponible,Science-fiction,https://www.amazon.fr/Lakestone-2-Sarah-Rivens-ebook/dp/B0DQT8Y3R9/ref=sr_1_20,2025-09-03T11:17:51.001030
La Très Catastrophique Visite du Zoo,Joël Dicker,"0,00€",https://m.media-amazon.com/images/I/81lipiEAp1L._SX342_.jpg,""" Pendant des années, dans la petite ville où j’ai grandi, les esprits restèrent marqués par les évènements qui se produisirent au zoo local un vendredi de décembre, à quelques jours de Noël. Et pendant toutes ces années, personne ne sut la vérité sur ce qui s’était réellement passé là-bas. Jusqu’à ...","Livres audio Audible 

                        – Version intégrale","4,2 sur 5 étoiles","14,99 €",4 096 évaluations,Non disponible,Science-fiction,https://www.amazon.fr/Tr%C3%A8s-Catastrophique-Visite-Zoo/dp/B0DZ2X2JS5/ref=sr_1_21,2025-09-03T11:17:55.255936
La Très Catastrophique Visite du Zoo,Joël Dicker,Prix non disponible,https://m.media-amazon.com/images/I/81DwS3TbI9L._SY342_.jpg,"LE livre à mettre entre toutes les mains""Pendant des années, dans la petite ville où j'ai grandi, les esprits restèrent marqués par les évènements qui se produisirent au zoo local un vendredi de décembre, à quelques jours de Noël. Et pendant toutes ces années, personne ne sut la vérité sur ce qui s'...",Format Kindle,"4,2 sur 5 étoiles","19,00 €",4 096 évaluations,Non disponible,Science-fiction,https://www.amazon.fr/Tr%C3%A8s-Catastrophique-Visite-Zoo-ebook/dp/B0DS3VJDQR/ref=sr_1_21,2025-09-03T11:18:00.794991
"Norferville : Roman nouveauté 2024 de Franck Thilliez, Par l'auteur de thrillers préféré des français, Roman policier ambitieux par l'auteur du best seller ""La Faille""",Franck Thilliez,"9,60€",https://m.media-amazon.com/images/I/61vuKtfy1HL._SY342_.jpg,"Dans l'univers hostile du Grand Nord, personne ne vous entend crier.",En stock,"4,5 sur 5 étoiles","16,99 €",4 474 évaluations,Non disponible,Science-fiction,https://www.amazon.fr/Norferville-nouveaut%C3%A9-Thilliez-thrillers-ambitieux/dp/2266349023/ref=sr_1_35,2025-09-03T11:18:17.216925
Norferville,Franck Thilliez,Prix non disponible,https://m.media-amazon.com/images/I/817Uo4t44QL._SY342_.jpg,"Dans l'univers hostile du Grand Nord, personne ne vous entend crier.",Format Kindle,"4,5 sur 5 étoiles","22,90 €",4 474 évaluations,Non disponible,Science-fiction,https://www.amazon.fr/Norferville-Nouveaut%C3%A9-Thilliez-thriller-fran%C3%A7ais-ebook/dp/B0CVZ2Q5QQ/ref=sr_1_35,2025-09-03T11:18:21.603387
Norferville,Franck Thilliez,"0,00€",https://m.media-amazon.com/images/I/81pIT2ZBPML._SX342_.jpg,"Dans l'univers hostile du Grand Nord, personne ne vous entend crier.","Livres audio Audible 

                        – Version intégrale","4,5 sur 5 étoiles","16,99 €",4 474 évaluations,Non disponible,Science-fiction,https://www.amazon.fr/Audible-Norferville/dp/B0CYLSC5LT/ref=sr_1_35,2025-09-03T11:18:26.032393
Norferville,Franck Thilliez,"22,90€",https://m.media-amazon.com/images/I/61TlrAqx4QL._SY342_.jpg,"Dans l'univers hostile du Grand Nord, personne ne vous entend crier.",En stock,"4,5 sur 5 étoiles","16,99 €",4 474 évaluations,Non disponible,Science-fiction,https://www.amazon.fr/Norferville-Nouveaut%C3%A9-Thilliez-thriller-fran%C3%A7ais/dp/2265157791/ref=sr_1_35,2025-09-03T11:18:31.665557
Norferville,Franck Thilliez,"23,90€",https://m.media-amazon.com/images/I/51TS31Zx+1L._SY342_.jpg,"Dans l'univers hostile du Grand Nord, personne ne vous entend crier.",Il ne reste plus que 10 exemplaire(s) en stock (d'autres exemplaires sont en cours d'acheminement).,"4,5 sur 5 étoiles","16,99 €",4 474 évaluations,Non disponible,Science-fiction,https://www.amazon.fr/Norferville-Franck-Thilliez/dp/B0CW5YCFR4/ref=sr_1_35,2025-09-03T11:18:37.685013
The Devil's Sons - Tome 5,Chloé Wallerand,Prix non disponible,https://m.media-amazon.com/images/I/818yixrT56L._SY342_.jpg,"La fuite n’est plus une option. Pour vivre en paix, les Devil’s Sons n’ont pas d’autre choix que de prendre les armes. Le temps est venu pour eux d’affronter leurs plus grands ennemis.",Format Kindle,"4,8 sur 5 étoiles","19,90 €",1 477 évaluations,Non disponible,Science-fiction,https://www.amazon.fr/Devils-Sons-5-Chlo%C3%A9-Wallerand-ebook/dp/B0F2R39WRR/ref=sr_1_36,2025-09-03T11:18:44.281848
THE DEVIL´S SONS : TOME 5,Chloé Wallerand,Prix non disponible,https://m.media-amazon.com/images/I/81OhcBthmTL._SY342_.jpg,"La fuite n’est plus une option. Pour vivre en paix, les Devil’s Sons n’ont pas d’autres choix que de prendre les armes. Le temps est venu pour eux d’affronter leurs plus grands ennemis.",En stock,"4,8 sur 5 étoiles","5,99 €",1 477 évaluations,Non disponible,Science-fiction,https://www.amazon.fr/DEVIL%C2%B4S-SONS-5-Chlo%C3%A9-Wallerand/dp/2381512292/ref=sr_1_36,2025-09-03T11:18:50.041855
"The Devil's Sons: The Devil's Sons, Tome 5",Chloé Wallerand,"0,00€",https://m.media-amazon.com/images/I/91XrMlO-7mL._SX342_.jpg,"La fuite n'est plus une option. Pour vivre en paix, les Devil's Sons n'ont pas d'autres choix que de prendre les armes. Le temps est venu pour eux d'affronter leurs plus grands ennemis. ""Je n'ai pas su me soumettre au destin effroyable que me réservait Tarek. Ma soif de liberté, indomptable, m'a pou...","Livres audio Audible 

                        – Version intégrale","4,8 sur 5 étoiles","5,99 €",1 477 évaluations,Non disponible,Science-fiction,https://www.amazon.fr/Devils-Sons/dp/B0FBGF778G/ref=sr_1_36,2025-09-03T11:18:54.890758
Rien ne t'efface,Michel Bussi,"9,60€",https://m.media-amazon.com/images/I/61ifgrACjML._SY342_.jpg,"Par amour pour un enfant, que seriez-vous prêt à faire ?",Disponible pour expédition d'ici 1 à 2 jours,"4,2 sur 5 étoiles","13,99 €",6 473 évaluations,Non disponible,Science-fiction,https://www.amazon.fr/Rien-ne-tefface-Michel-Bussi/dp/226632084X/ref=sr_1_37,2025-09-03T11:19:01.597694
Rien ne t'efface : l'adaptation en série du roman de Michel Bussi diffusée sur TF1,Michel Bussi,Prix non disponible,https://m.media-amazon.com/images/I/81IJDiNhHsL._SY342_.jpg,"Par amour pour un enfant, que seriez-vous prêt à faire ? Maddi, elle, ira jusqu'au bout... Une intrigue magistrale, un twist virtuose pour le nouveau suspense 100% Bussi.",Format Kindle,"4,2 sur 5 étoiles","3,49 €",6 473 évaluations,Non disponible,Science-fiction,https://www.amazon.fr/Rien-ne-tefface-Michel-BUSSI-ebook/dp/B08PHTGS41/ref=sr_1_37,2025-09-03T11:19:07.889913
Valentina - Tome 01,Azra Reed,"19,95€",https://m.media-amazon.com/images/I/81WUwFpzGrL._SY342_.jpg,"Ce monde ne t’attendra pas, Valentina.",En stock,"4,5 sur 5 étoiles","11,99 €",539 évaluations,Non disponible,Science-fiction,https://www.amazon.fr/Valentina-01-Azra-Reed/dp/2755677414/ref=sr_1_51,2025-09-03T11:19:27.420229
Valentina - Tome 01,Azra Reed,Prix non disponible,https://m.media-amazon.com/images/I/81SBECZvcEL._SY342_.jpg,"Ce monde ne t’attendra pas, Valentina.",Format Kindle,"4,5 sur 5 étoiles","19,95 €",539 évaluations,Non disponible,Science-fiction,https://www.amazon.fr/Valentina-01-Azra-Reed-ebook/dp/B0D7Q5FY4B/ref=sr_1_51,2025-09-03T11:19:33.572758
Valentina: Tome 1,Azra Reed,"0,00€",https://m.media-amazon.com/images/I/913zSi7SzxL._SX342_.jpg,"Ce monde ne t'attendra pas, Valentina.  Valentina n'aspire qu'à fuir la violence et la pauvreté de Tepito. Elle est portée par l'espoir d'un avenir meilleur, pour elle et sa grand-mère. loin des règlements de comptes meurtriers qui rythment le quotidien de son quartier.  Pourtant, en voulant aider l...","Livres audio Audible 

                        – Version intégrale","4,5 sur 5 étoiles","11,99 €",539 évaluations,Non disponible,Science-fiction,https://www.amazon.fr/Audible-Valentina-tome-1/dp/B0DH9DBYCV/ref=sr_1_51,2025-09-03T11:19:38.948770
La Porte à Côté: un thriller psychologique redoutablement efficace,Alex Sol,Prix non disponible,https://m.media-amazon.com/images/I/71KHVsaDTpL._SY342_.jpg,"""Ce n'est pas le noir qui fait peur, c'est ce qu'il cache.""",Format Kindle,"4,2 sur 5 étoiles","18,00 €",553 évaluations,Non disponible,Science-fiction,https://www.amazon.fr/Porte-C%C3%B4t%C3%A9-thriller-psychologique-redoutablement-ebook/dp/B0F62ZLG1W/ref=sr_1_52,2025-09-03T11:19:43.840188
La Porte à Côté,Alex Sol,Prix non disponible,https://m.media-amazon.com/images/I/61gOu3DYnsL._SY342_.jpg,"""Ce n'est pas le noir qui fait peur, c'est ce qu'il cache.""",En stock,"4,2 sur 5 étoiles",Broché – 12 juin 2025,553 évaluations,Non disponible,Science-fiction,https://www.amazon.fr/Porte-%C3%A0-C%C3%B4t%C3%A9-Alex-Sol/dp/2494206448/ref=sr_1_52,2025-09-03T11:19:49.084880
La porte à côté,Alex Sol,"0,00€",https://m.media-amazon.com/images/I/81dBjFszfdL._SX342_.jpg,"Fanny a tout pour être heureuse. Une grossesse qui se déroule sans le moindre souci, un mari aimant, un travail qu'elle adore, et une maison lumineuse choisie avec soin dans un quartier sans histoire. Elle qui n'a jamais su se faire des amis a même noué un lien fort avec Marion, la nounou des voisin...",Précommander,"4,2 sur 5 étoiles","18,00 €",553 évaluations,Non disponible,Science-fiction,https://www.amazon.fr/Audible-La-porte-%C3%A0-c%C3%B4t%C3%A9/dp/B0FDQQFMDF/ref=sr_1_52,2025-09-03T11:19:53.109841
La Meute. Nouveauté poche 2025. L'une des révélations du monde du thriller.,Olivier Bal,"9,90€",https://m.media-amazon.com/images/I/61GlZuNUn3L._SY342_.jpg,Un duo d'enquêteurs s'attellent à une affaire glaçante croisant fanatisme et quêtes identitaires.,En stock,"4,2 sur 5 étoiles","13,99 €",664 évaluations,Non disponible,Science-fiction,https://www.amazon.fr/Meute-Nouveaut%C3%A9-poche-r%C3%A9v%C3%A9lations-thriller/dp/2266348531/ref=sr_1_53,2025-09-03T11:19:58.483280
La Meute,Olivier Bal,"0,00€",https://m.media-amazon.com/images/I/81m37deXkbL._SX342_.jpg,Un duo d'enquêteurs s'attellent à une affaire glaçante croisant fanatisme et quêtes identitaires.,"Livres audio Audible 

                        – Version intégrale","4,2 sur 5 étoiles","13,99 €",664 évaluations,Non disponible,Science-fiction,https://www.amazon.fr/Audible-La-Meute/dp/B0F1N22ZRZ/ref=sr_1_53,2025-09-03T11:20:02.495474
La Meute,Olivier Bal,Prix non disponible,https://m.media-amazon.com/images/I/81KId+-QrkL._SY342_.jpg,"Février 2024. « L’Ange noir » a encore frappé. Chaque fois, sa victime est enterrée vivante et meurt étouffée. à la sous-direction de l’antiterrorisme, Sofia Giordano cherche à mettre la main sur ce tueur qui s’en prend à des notables partout en France. Elle est bientôt rejointe par le lieutenant Ga...",Format Kindle,"4,2 sur 5 étoiles","21,90 €",664 évaluations,Non disponible,Science-fiction,https://www.amazon.fr/Meute-Olivier-Bal-ebook/dp/B0CXDZL775/ref=sr_1_53,2025-09-03T11:20:06.993280
La meute,Olivier Bal,"21,90€",https://m.media-amazon.com/images/I/61-gqP1-R9L._SY342_.jpg,"LA MEUTE, UN THRILLER PASSIONNANT :",En stock,"4,2 sur 5 étoiles","13,99 €",664 évaluations,Non disponible,Science-fiction,https://www.amazon.fr/meute-Olivier-Bal/dp/2374485986/ref=sr_1_53,2025-09-03T11:20:13.599739
Valentina - Tome 02,Azra Reed,"19,95€",https://m.media-amazon.com/images/I/81jgzQyX7uL._SY342_.jpg,"Peu importe où tu iras,",En stock,"4,6 sur 5 étoiles","9,99 €",489 évaluations,Non disponible,Science-fiction,https://www.amazon.fr/Valentina-02-Azra-Reed/dp/2755677422/ref=sr_1_67,2025-09-03T11:20:30.416721
Valentina - T02,Azra Reed,Prix non disponible,https://m.media-amazon.com/images/I/81ed98bsfKL._SY342_.jpg,"Peu importe où tu iras,",Format Kindle,"4,6 sur 5 étoiles","19,95 €",489 évaluations,Non disponible,Science-fiction,https://www.amazon.fr/Valentina-T02-Azra-Reed-ebook/dp/B0DPQLKV17/ref=sr_1_67,2025-09-03T11:20:36.661955
Valentina Tome 2: Valentina 2,Azra Reed,"0,00€",https://m.media-amazon.com/images/I/91lphooAZiL._SX342_.jpg,"Peu importe où tu iras, hermosa, je finis toujours par récupérer ce qui m'appartient.  La guerre des cartels scellera-t-elle le destin de Valentina ?  Prisonnière des griffes d'Angel Cortès, elle ne peut compter que sur elle-même. À moins que l'homme qui l'avait capturée ne vienne la sauver ?  Penda...","Livres audio Audible 

                        – Version intégrale","4,6 sur 5 étoiles","9,99 €",489 évaluations,Non disponible,Science-fiction,https://www.amazon.fr/Valentina-Tome-2/dp/B0DN84SYDB/ref=sr_1_67,2025-09-03T11:20:42.028104
Trop inacceptable: Les Frères Hayes - Livre 2,I. A. Dice,Prix non disponible,https://m.media-amazon.com/images/I/61tCj4zrrPL._SY342_.jpg,Pas de description,En stock,"4,7 sur 5 étoiles",Broché – 12 septembre 2024,1 962 évaluations,Non disponible,Science-fiction,https://www.amazon.fr/Trop-inacceptable-Fr%C3%A8res-Hayes-Livre/dp/B0DC6WF12K/ref=sr_1_68,2025-09-03T11:20:48.157236
Trop inacceptable: Les Frères Hayes - Livre 2,I. A. Dice,Prix non disponible,https://m.media-amazon.com/images/I/81L8cwfVHTL._SY342_.jpg,Pas de description,Format Kindle,"4,7 sur 5 étoiles","17,92 €",1 962 évaluations,Non disponible,Science-fiction,https://www.amazon.fr/Trop-inacceptable-Fr%C3%A8res-Hayes-Livre-ebook/dp/B0D2L4RR5T/ref=sr_1_68,2025-09-03T11:20:53.699026
La Vérité sur l'Affaire Harry Quebert,Joël Dicker,"9,90€",https://m.media-amazon.com/images/I/71wS24rY6dL._SY342_.jpg,Qui a tué Nola Kellergan?,En stock,"4,5 sur 5 étoiles","12,99 €",16 205 évaluations,Non disponible,Science-fiction,https://www.amazon.fr/V%C3%A9rit%C3%A9-sur-lAffaire-Harry-Quebert/dp/2889730085/ref=sr_1_69,2025-09-03T11:20:59.580790
La Vérité sur l'Affaire Harry Quebert,Joël Dicker,Prix non disponible,https://m.media-amazon.com/images/I/71GV0FQxZZL._SY342_.jpg,"Qui a tué Nola Kellergan?À la fin de l'été 1975, à Aurora, dans le New Hampshire, Nola Kellergan, une jeune fille de quinze ans, disparaît dans des conditions mystérieuses. Au printemps 2008, à New York, Marcus Goldman, jeune écrivain à succès, est incapable d'écrire le nouveau roman qu'il doit reme...",Format Kindle,"4,5 sur 5 étoiles","23,00 €",16 205 évaluations,Non disponible,Science-fiction,https://www.amazon.fr/V%C3%A9rit%C3%A9-sur-lAffaire-Harry-Quebert-ebook/dp/B09NVWDKMG/ref=sr_1_69,2025-09-03T11:21:05.720120
La Vérité sur l'affaire Harry Quebert,Joël Dicker,"0,00€",https://m.media-amazon.com/images/I/81548dLQaQL._SX342_.jpg,Qui a tué Nola Kellergan?,"Livres audio Audible 

                        – Version intégrale","4,5 sur 5 étoiles","12,99 €",16 205 évaluations,Non disponible,Science-fiction,https://www.amazon.fr/V%C3%A9rit%C3%A9-sur-laffaire-Harry-Quebert/dp/B0BYNQV859/ref=sr_1_69,2025-09-03T11:21:10.247062
La Vérité sur l'Affaire Harry Quebert,Joël Dicker,"23,00€",https://m.media-amazon.com/images/I/61XT+FKlZEL._SY342_.jpg,Qui a tué Nola Kellergan?,En stock,"4,5 sur 5 étoiles","12,99 €",16 205 évaluations,Non disponible,Science-fiction,https://www.amazon.fr/V%C3%A9rit%C3%A9-sur-lAffaire-Harry-Quebert/dp/2889730069/ref=sr_1_69,2025-09-03T11:21:16.656531
La Vérité sur l'affaire Harry Quebert: Livre audio 2 CD MP3,Joël Dicker,"24,90€",https://m.media-amazon.com/images/I/81Ar-OS51QL._SY342_.jpg,"Marcus Goldman, auteur d’un premier best-seller, est en panne d’inspiration. Quand il apprend que son mentor, le célèbre écrivain Harry Quebert, est le suspect numéro un d’un crime qui remonte à plus de trente ans, il se précipite à son secours. Dans le jardin de Quebert, on a retrouvé le corps de N...",En stock,"4,5 sur 5 étoiles","12,99 €",16 205 évaluations,Non disponible,Science-fiction,https://www.amazon.fr/V%C3%A9rit%C3%A9-sur-laffaire-Harry-Quebert/dp/2356415823/ref=sr_1_69,2025-09-03T11:21:21.243655
Fantasy,Yoann Kavege,"29,90€",https://m.media-amazon.com/images/I/711haiEU3XL._SY342_.jpg,"Deux héroïnes, deux histoires, un seul album : Yoann Kavege renverse la perspective avec un livre à double entrée.",En stock,"5,0 sur 5 étoiles","4,99 €",2 évaluations,Non disponible,Fantasy,https://www.amazon.fr/Fantasy-Yoann-Kavege/dp/2487276045/ref=sr_1_4,2025-09-03T11:21:50.593963
Fantasy,Yoann Kavege,Prix non disponible,https://m.media-amazon.com/images/I/71rpn86nZ9L._SY342_.jpg,"Deux héroïnes, deux histoires, un seul album : Yoann Kavege renverse la perspective avec un livre à double entrée.Pour Alma, c'est le grand jour : choisie par le royaume pour le rituel de la Saignée des Dieux, la princesse héritière va voyager jusqu'à leurs terres afin d'en terrasser un, et ainsi ve...",Format Kindle,"5,0 sur 5 étoiles","29,90 €",2 évaluations,Non disponible,Fantasy,https://www.amazon.fr/Fantasy-Yoann-Kavege-ebook/dp/B0F2ZRHLZH/ref=sr_1_4,2025-09-03T11:21:55.743331
La Malerune : trilogie complète,Pierre Grimbert,"22,90€",https://m.media-amazon.com/images/I/71WixY0XHuL._SY342_.jpg,"Une bien étrange paire se présente aux portes du château Garamont : un sorcier autoritaire et susceptible, accompagné d’un homme-loup aussi effrayant que noble de coeur. Pour la jeune Ariale, retenue prisonnière dans sa chambre, nul doute qu’ils ont un lien avec le chevalier Eras, son père mystérieu...",En stock,"4,5 sur 5 étoiles",Poche – 25 janvier 2012,69 évaluations,Non disponible,Fantasy,https://www.amazon.fr/Malerune-trilogie-compl%C3%A8te-Pierre-Grimbert/dp/2253132810/ref=sr_1_5,2025-09-03T11:22:01.109890
As Blue As Sky: Dark Peace – Tome 2,Louise Garénaux,Prix non disponible,https://m.media-amazon.com/images/I/51+q1jzAJkL._SY342_.jpg,"Alors que le calme semblait être de retour à l'aube d'une vie nouvelle pour April, une tempête éclate, brisant le bleu apaisant d'un ciel à présent lourd de menaces.L'orage s'abat et arrache des vies innocentesDans un éclair inconnu, il vous brise et vous hanteEt il vous faudra affronter et vaincre ...",En stock,"5,0 sur 5 étoiles",Broché – 9 août 2025,1 évaluation,Non disponible,Fantasy,https://www.amazon.fr/As-Blue-Sky-Dark-Peace/dp/B0FGXJW2VG/ref=sr_1_6,2025-09-03T11:22:05.793649
Ironhold : Épreuve une (Tome 1 de la série Ironhold),Morgan Rice,Prix non disponible,https://m.media-amazon.com/images/I/81D9OnO3AnL._SY342_.jpg,"""Un roman plein d'action... L'écriture de Rice est solide et le concept intriguant.""--Publishers Weekly (à propos de La Quête des héros)""J'attends chaque nouveau livre de cet auteur avec impatience et je n'ai jamais été déçue !""--Book Reviewer (Wish)⭐⭐⭐⭐⭐Morgan Rice, auteur à succès n°1, inaugure un...",Format Kindle,"4,3 sur 5 étoiles",Format Kindle,41 évaluations,Classement des meilleures ventes d'Amazon :  n°522 des titres gratuits dans la Boutique Kindle (Voir les 100 premiers en Boutique Kindle)   6 en Fantasy romantique - ebooks,Fantasy,https://www.amazon.fr/Ironhold-%C3%89preuve-une-s%C3%A9rie-ebook/dp/B0DVF43RG4/ref=sr_1_7,2025-09-03T11:22:11.765777
Le Temps des sorcières,Alix E. Harrow,"10,40€",https://m.media-amazon.com/images/I/71GZDGeSPHL._SY342_.jpg,"Avant, quand l’air était si imprégné de magie qu’il laissait un goût de cendres sur la langue, les sorcières étaient féroces et intrépides. Ce temps n’est plus, les hommes ont dressé des bûchers, et les femmes ont appris à se taire, à dissimuler ce qui leur restait de magie dans des comptines, des f...",En stock,"4,5 sur 5 étoiles","14,99 €",130 évaluations,Non disponible,Fantasy,https://www.amazon.fr/Temps-sorci%C3%A8res-Alix-Harrow/dp/2253243752/ref=sr_1_10,2025-09-03T11:22:17.558228
Le temps des sorcières (Le Rayon Imaginaire),Alix E. Harrow,Prix non disponible,https://m.media-amazon.com/images/I/81dBdCER7dL._SY342_.jpg,"Avant, quand l’air était si imprégné de magie qu’il laissait un goût de cendres sur la langue, les sorcières étaient féroces et intrépides, la magie flamboyait et la nuit leur appartenait. Ce temps n’est plus, les hommes ont dressé des bûchers, et les femmes ont appris à se taire, à dissimuler ce qu...",Format Kindle,"4,5 sur 5 étoiles","28,00 €",130 évaluations,Non disponible,Fantasy,https://www.amazon.fr/temps-sorci%C3%A8res-Rayon-Imaginaire-ebook/dp/B0BHDWKGSV/ref=sr_1_10,2025-09-03T11:22:23.848762
Le temps des sorcières,Alix E. Harrow,"28,00€",https://m.media-amazon.com/images/I/71CJEMOYX+L._SY342_.jpg,"Avant, quand l’air était si imprégné de magie qu’il laissait un goût de cendres sur la langue, les sorcières étaient féroces et intrépides, la magie flamboyait et la nuit leur appartenait. Ce temps n’est plus, les hommes ont dressé des bûchers, et les femmes ont appris à se taire, à dissimuler ce qu...",Il ne reste plus que 6 exemplaire(s) en stock (d'autres exemplaires sont en cours d'acheminement).,"4,5 sur 5 étoiles","14,99 €",130 évaluations,Non disponible,Fantasy,https://www.amazon.fr/temps-sorci%C3%A8res-Alix-Harrow/dp/2017164003/ref=sr_1_10,2025-09-03T11:22:29.966528
"L’Appel du Vide – Roman de Dark Fantasy Poétique: Une héroïne rejetée, un renard blanc, un monde brisé – Tome 1 (LES ÉCORCHÉS – Dark Fantasy émotionnelle et initiatique)",Sol Wen,Prix non disponible,https://m.media-amazon.com/images/I/71tNpROR2KL._SY342_.jpg,Elle n’a plus de foyer. Elle n’a plus de nom. Il ne lui reste qu’un don que l’on veut briser.,Format Kindle,"3,1 sur 5 étoiles",Format Kindle,4 évaluations,Classement des meilleures ventes d'Amazon :  n°182 des titres gratuits dans la Boutique Kindle (Voir les 100 premiers en Boutique Kindle)   1 en Fantasy épique - ebooks  2 en Fantasy romantique - ebooks  3 en Horreur dark fantasy - ebooks,Fantasy,https://www.amazon.fr/LAppel-Vide-Po%C3%A9tique-%C3%A9motionnelle-initiatique-ebook/dp/B0FM8KWB3R/ref=sr_1_11,2025-09-03T11:22:36.321081
"La Trilogie de la Bibliothèque, T2 : Le livre qui brisa le monde",Mark Lawrence,Prix non disponible,https://m.media-amazon.com/images/I/81V4lzwxPEL._SY342_.jpg,"La bibliothèque englobe les mondes et les époques. Au coeur de ses vastes espaces, Evar Eventari a rencontré Livira Page, puis l'y a perdue.",En stock,"4,6 sur 5 étoiles","12,99 €",13 évaluations,Non disponible,Fantasy,https://www.amazon.fr/Trilogie-Biblioth%C3%A8que-T2-livre-brisa/dp/B0F328DM7G/ref=sr_1_12,2025-09-03T11:22:41.228673
Le Roi des Érèbes (broché),Juliette Cross,Prix non disponible,https://m.media-amazon.com/images/I/71lhw5ObtbL._SY342_.jpg,Elle a capturé mon âme. Je suis le geôlier de son corps.,Cet article paraîtra le 25 septembre 2025.,Diapositive précédente des détails du produit,"12,99 €",0 avis,Non disponible,Fantasy,https://www.amazon.fr/Roi-%C3%89r%C3%A8bes-broch%C3%A9-Juliette-Cross/dp/2385661985/ref=sr_1_19,2025-09-03T11:22:55.653220
L'Ère de la nuit - Tome 01 Le Roi des Érèbes (e-book),Juliette Cross,Prix non disponible,https://m.media-amazon.com/images/I/81ew+Wbc5uL._SY342_.jpg,Elle a capturé mon âme. Je suis le geôlier de son corps.,Format Kindle,Diapositive précédente des détails du produit,"19,90 €",0 avis,Non disponible,Fantasy,https://www.amazon.fr/L%C3%88re-nuit-Roi-%C3%89r%C3%A8bes-book-ebook/dp/B0FM16L3HP/ref=sr_1_19,2025-09-03T11:22:59.777840
Surprise par le tigre (Humaine et Métamorphe),Virginie T.,Prix non disponible,https://m.media-amazon.com/images/I/81urrz6RArL._SY342_.jpg,"Aurora est cinglée, mais c'est ma meilleure amie. Je l'ai suivie pour avoir enfin une véritable place dans une meute. Je viens d'être nommé lieutenant, on attend de moi que je fasse mes preuves, alors pourquoi la femelle alpha a-t-elle visiblement décidé de me compliquer la tâche ? Il n'est pas dans...",Format Kindle,"4,0 sur 5 étoiles","13,00 €",1 évaluation,Non disponible,Fantasy,https://www.amazon.fr/Surprise-par-tigre-Virginie-T-ebook/dp/B0FLPZVP1Y/ref=sr_1_20,2025-09-03T11:23:06.003284
Surprise par le tigre,Virginie T.,Prix non disponible,https://m.media-amazon.com/images/I/61PAOYoxPpL._SY342_.jpg,"Aurora est cinglée, mais c'est ma meilleure amie. Je l'ai suivie pour avoir enfin une véritable place dans une meute. Je viens d'être nommé lieutenant, on attend de moi que je fasse mes preuves, alors pourquoi la femelle alpha a-t-elle visiblement décidé de me compliquer la tâche ? Il n'est pas dans...",En stock,"4,0 sur 5 étoiles",Broché – 1 septembre 2025,1 évaluation,Non disponible,Fantasy,https://www.amazon.fr/Surprise-par-tigre-Virginie-T/dp/2959409655/ref=sr_1_20,2025-09-03T11:23:12.094761
"La Fabuleuse histoire d’Hazel Fairwood: cottage, magie & chat méchant",Élise Sardan,Prix non disponible,https://m.media-amazon.com/images/I/71ct7e6GG5L._SY342_.jpg,Pas de description,En stock,"4,6 sur 5 étoiles",Broché – 9 juillet 2025,189 évaluations,Non disponible,Fantasy,https://www.amazon.fr/Fabuleuse-histoire-dHazel-Fairwood-cottage/dp/2959642406/ref=sr_1_21,2025-09-03T11:23:18.582005
"La Fabuleuse histoire d’Hazel Fairwood: cottage, magie & chat méchant (Collection Cosy Fantasy)",Élise Sardan,Prix non disponible,https://m.media-amazon.com/images/I/81F4hBhgViL._SY342_.jpg,Pas de description,Format Kindle,"4,6 sur 5 étoiles","18,90 €",189 évaluations,Non disponible,Fantasy,https://www.amazon.fr/Fabuleuse-histoire-dHazel-Fairwood-Collection-ebook/dp/B0F5QBLY5S/ref=sr_1_21,2025-09-03T11:23:23.264963
Vespéral - Tome 01 Les Terres éternelles (relié collector) (01),Ed Crocker,Prix non disponible,https://m.media-amazon.com/images/I/61gHnubmTaL._SY342_.jpg,Votre existence dépend du sang que vous buvez.,En stock,"5,0 sur 5 étoiles","12,99 €",1 évaluation,Non disponible,Fantasy,https://www.amazon.fr/Vesp%C3%A9ral-Terres-%C3%A9ternelles-reli%C3%A9-collector/dp/2378767544/ref=sr_1_22,2025-09-03T11:23:29.699371
Les Terres éternelles (e-book) - Tome 01 Vespéral,Ed Crocker,Prix non disponible,https://m.media-amazon.com/images/I/81WIXzeXkyL._SY342_.jpg,Votre existence dépend du sang que vous buvez.,Format Kindle,"5,0 sur 5 étoiles","26,90 €",1 évaluation,Non disponible,Fantasy,https://www.amazon.fr/Terres-%C3%A9ternelles-book-01-Vesp%C3%A9ral-ebook/dp/B0FJ33QQMB/ref=sr_1_22,2025-09-03T11:23:34.920300
Vespéral: Everlands Trilogy,Ed Crocker,"0,00€",https://m.media-amazon.com/images/I/91fE3FXwDwL._SX342_.jpg,Votre existence dépend du sang que vous buvez.,"Livres audio Audible 

                        – Version intégrale","5,0 sur 5 étoiles","12,99 €",1 évaluation,Non disponible,Fantasy,https://www.amazon.fr/Audible-Vesp%C3%A9ral-Everlands-Trilogy/dp/B0FK7PKHLF/ref=sr_1_22,2025-09-03T11:23:39.557649
Vespéral - Tome 01 Les Terres éternelles (poche) (01),Ed Crocker,Prix non disponible,https://m.media-amazon.com/images/I/71P3AuwfTtL._SY342_.jpg,Votre existence dépend du sang que vous buvez.,En stock,"5,0 sur 5 étoiles","12,99 €",1 évaluation,Non disponible,Fantasy,https://www.amazon.fr/Vesp%C3%A9ral-01-Terres-%C3%A9ternelles-poche/dp/2385651165/ref=sr_1_22,2025-09-03T11:23:45.621755
"Where Oceans Burn: De plume et d’écume, T1",Casey L. Bond,Prix non disponible,https://m.media-amazon.com/images/I/81wRWjmsSgL._SY342_.jpg,"Vérité. Honneur. Sang. Trois vertus, un seul destin : régner.",Format Kindle,Diapositive précédente des détails du produit,"29,99 €",0 avis,Non disponible,Fantasy,https://www.amazon.fr/Where-Oceans-Burn-plume-d%C3%A9cume-ebook/dp/B0FBLR6FPJ/ref=sr_1_35,2025-09-03T11:24:02.530386
Là où les océans brûlent: Where Oceans Burn # 1 (Edition Relié),Casey L. Bond,Prix non disponible,https://m.media-amazon.com/images/I/81xEaxtsPuL._SY342_.jpg,"Je suis Elira, guerrière née pour voler et combattre, mais lorsque mon plus grand secret éclate, mon destin bascule. Convoitée pour l'immense pouvoir qui coule dans mes veines, je n'ai que deux choix : capturer mon pire ennemi, le redoutable Requin des Mers, ou renoncer à tout ce qui fait de moi ce ...",Cet article paraîtra le 24 septembre 2025.,Diapositive précédente des détails du produit,"7,99 €",0 avis,Non disponible,Fantasy,https://www.amazon.fr/L%C3%A0-o%C3%B9-oc%C3%A9ans-br%C3%BBlent-Oceans/dp/B0F6BFM5BP/ref=sr_1_35,2025-09-03T11:24:09.213115
Là où les océans brûlent: Where Oceans Burn 1,Casey L. Bond,Prix non disponible,https://m.media-amazon.com/images/I/81nEcFHx4RL._SY342_.jpg,"Je suis Elira, guerrière née pour voler et combattre, mais lorsque mon plus grand secret éclate, mon destin bascule. Convoitée pour l'immense pouvoir qui coule dans mes veines, je n'ai que deux choix : capturer mon pire ennemi, le redoutable Requin des Mers, ou renoncer à tout ce qui fait de moi ce ...",Cet article paraîtra le 24 septembre 2025.,Diapositive précédente des détails du produit,"7,99 €",0 avis,Non disponible,Fantasy,https://www.amazon.fr/L%C3%A0-o%C3%B9-oc%C3%A9ans-br%C3%BBlent-Oceans/dp/B0F6BDX5MM/ref=sr_1_35,2025-09-03T11:24:15.168668
Le Paria: L'Alliance de Fer 1,Anthony Ryan,"0,00€",https://m.media-amazon.com/images/I/81WRrfaj0nL._SX342_.jpg,"Né dans le royaume troublé d'Albermaine, Alwyn Scribe a été élevé par une bande de hors-la-loi. Vif d'esprit et habile au couteau, il aime la liberté des bois et la compagnie de ses camarades voleurs.","Livres audio Audible 

                        – Version intégrale","4,5 sur 5 étoiles","6,99 €",427 évaluations,Non disponible,Fantasy,https://www.amazon.fr/Paria-LAlliance-Fer-1/dp/B0B61LDZ6T/ref=sr_1_36,2025-09-03T11:24:20.140294
"L'Alliance de Fer, T1 : Le Paria",Anthony Ryan,Prix non disponible,https://m.media-amazon.com/images/I/7115NnWaMTL._SY342_.jpg,"Né dans le royaume troublé d'Albermaine, Alwyn Scribe a été élevé par une bande de hors-la-loi. Vif d'esprit et habile au couteau, il aime la liberté des bois et la compagnie de ses camarades voleurs. Jusqu'à ce qu'une trahison l'entraîne sur le chemin du sang et de la vengeance, un chemin qui fera ...",Format Kindle,"4,5 sur 5 étoiles","25,00 €",427 évaluations,Non disponible,Fantasy,https://www.amazon.fr/Paria-LAlliance-Fer-T1-ebook/dp/B09MZMHMX1/ref=sr_1_36,2025-09-03T11:24:25.341182
"L'Alliance de Fer, T1 : Le Paria",Anthony Ryan,"9,95€",https://m.media-amazon.com/images/I/71Xba38WyAL._SY342_.jpg,"Né dans le royaume troublé d'Albermaine, Alwyn Scribe a été élevé par une bande de hors-la-loi. Vif d'esprit et habile au couteau, il aime la liberté des bois et la compagnie de ses camarades voleurs. Jusqu'à ce qu'une trahison l'entraîne sur le chemin du sang et de la vengeance, un chemin qui fera ...",Il ne reste plus que 8 exemplaire(s) en stock (d'autres exemplaires sont en cours d'acheminement).,"4,5 sur 5 étoiles","6,99 €",427 évaluations,Non disponible,Fantasy,https://www.amazon.fr/LAlliance-Fer-T1-Anthony-Ryan/dp/B0BRHZFKLL/ref=sr_1_36,2025-09-03T11:24:31.066344
"L'Alliance de Fer, T1 : Le Paria",Anthony Ryan,"25,00€",https://m.media-amazon.com/images/I/71M0VCFnl6L._SY342_.jpg,"Né dans le royaume troublé d'Albermaine, Alwyn Scribe a été élevé par une bande de hors-la-loi. Vif d'esprit et habile au couteau, il aime la liberté des bois et la compagnie de ses camarades voleurs. Jusqu'à ce qu'une trahison l'entraîne sur le chemin du sang et de la vengeance, un chemin qui fera ...",Il ne reste plus que 1 exemplaire(s) en stock (d'autres exemplaires sont en cours d'acheminement).,"4,5 sur 5 étoiles","6,99 €",427 évaluations,Non disponible,Fantasy,https://www.amazon.fr/LAlliance-Fer-T1-Anthony-Ryan/dp/B09HQFL4GL/ref=sr_1_36,2025-09-03T11:24:36.192775
L'ultime tempête (L'académie du feu t. 5),Jupiter Phaeton,Prix non disponible,https://m.media-amazon.com/images/I/91VEScZcPGL._SY342_.jpg,Nous avons quitté Cendralis avec un seul but : comprendre l’origine des tempêtes et les arrêter.,Format Kindle,"4,6 sur 5 étoiles","24,90 €",50 évaluations,Non disponible,Fantasy,https://www.amazon.fr/Lultime-temp%C3%AAte-Lacad%C3%A9mie-feu-t-ebook/dp/B0FBC9BRLZ/ref=sr_1_37,2025-09-03T11:24:41.469563
L'ultime tempête,Jupiter Phaeton,Prix non disponible,https://m.media-amazon.com/images/I/71jJjMkL03L._SY342_.jpg,Nous avons quitté Cendralis avec un seul but : comprendre l’origine des tempêtes et les arrêter.,En stock,"4,6 sur 5 étoiles","24,90 €",50 évaluations,Non disponible,Fantasy,https://www.amazon.fr/Lultime-temp%C3%AAte-Jupiter-Phaeton/dp/2384014250/ref=sr_1_37,2025-09-03T11:24:47.412018
L'ultime tempête,Jupiter Phaeton,Prix non disponible,https://m.media-amazon.com/images/I/71-cDsG0itL._SY342_.jpg,Nous avons quitté Cendralis avec un seul but : comprendre l’origine des tempêtes et les arrêter.,En stock,"4,6 sur 5 étoiles","16,90 €",50 évaluations,Non disponible,Fantasy,https://www.amazon.fr/Lultime-temp%C3%AAte-Jupiter-Phaeton/dp/2384014269/ref=sr_1_37,2025-09-03T11:24:53.189073
Les Bracelets des Larmes: Fils des Brumes : Wax & Wayne 3,Brandon Sanderson,"0,00€",https://m.media-amazon.com/images/I/91AgNC9q+rL._SX342_.jpg,"Les Bracelets des Larmes... On dit que ces cerveaux métalliques du Seigneur Maître pourraient transmettre leurs pouvoirs à ceux qui les portent. Des chimères auxquelles personne ne croyait, jusqu’à ce qu’un chercheur kandra revienne à Elendel avec des images représentant les Bracelets ainsi que des ...","Livres audio Audible 

                        – Version intégrale","4,6 sur 5 étoiles","11,99 €",158 évaluations,Non disponible,Fantasy,https://www.amazon.fr/Bracelets-Larmes-Fils-Brumes-Wayne/dp/B0DCK86Q54/ref=sr_1_51,2025-09-03T11:25:11.885305
"Les Bracelets des Larmes (Fils-des-Brumes : Wax & Wayne, Tome 3)",Brandon Sanderson,"11,90€",https://m.media-amazon.com/images/I/71mv6VCdFbL._SY342_.jpg,"Les Bracelets des Larmes… On dit que ces cerveaux métalliques du Seigneur Maître pourraient transmettre leurs pouvoirs à ceux qui les portent. Des chimères auxquelles personne ne croyait, jusqu’à ce qu’on trouve des images représentant les Bracelets ainsi que des écrits indéchiffrables.Dans les Vill...",En stock,"4,6 sur 5 étoiles","11,99 €",158 évaluations,Non disponible,Fantasy,https://www.amazon.fr/Bracelets-Larmes-Fils-brumes/dp/225326041X/ref=sr_1_51,2025-09-03T11:25:17.514397
"Les Bracelets des Larmes (Fils-des-Brumes : Wax & Wayne, Tome 3)",Brandon Sanderson,Prix non disponible,https://m.media-amazon.com/images/I/71mv6VCdFbL._SY342_.jpg,Pas de description,Format Kindle,"4,6 sur 5 étoiles","21,90 €",158 évaluations,Non disponible,Fantasy,https://www.amazon.fr/Bracelets-Larmes-brumes-Fils-brumes-ebook/dp/B07BWPGG6B/ref=sr_1_51,2025-09-03T11:25:23.321362
"Les Bracelets des Larmes (Fils-des-Brumes : Wax & Wayne, Tome 3)",Brandon Sanderson,"21,90€",https://m.media-amazon.com/images/I/91yoGwNwF6L._SY342_.jpg,Pas de description,Il ne reste plus que 3 exemplaire(s) en stock (d'autres exemplaires sont en cours d'acheminement).,"4,6 sur 5 étoiles","11,99 €",158 évaluations,Non disponible,Fantasy,https://www.amazon.fr/Bracelets-Larmes-Fils-brumes/dp/225319140X/ref=sr_1_51,2025-09-03T11:25:28.976130
"Sorceleur (Witcher) - Poche, T7 : La Dame du lac (traduction révisée)",Andrzej Sapkowski,Prix non disponible,https://m.media-amazon.com/images/I/813vM1zhbYL._SY342_.jpg,"Série événement sur Netflix, succès mondial du jeu vidéo,",En stock,"4,6 sur 5 étoiles","5,99 €",1 458 évaluations,Non disponible,Fantasy,https://www.amazon.fr/Sorceleur-Witcher-Poche-traduction-r%C3%A9vis%C3%A9e/dp/B0DSKJZYKT/ref=sr_1_52,2025-09-03T11:25:33.904417
"Sorceleur (Witcher), T7 : La Dame du lac (traduction révisée)",Andrzej Sapkowski,Prix non disponible,https://m.media-amazon.com/images/I/813vM1zhbYL._SY342_.jpg,"Les destins de Geralt, Yennefer et Ciri ont pris des chemins différents. Tandis que Yennefer est retenue prisonnière,Geralt passe tout l'hiver de manière fort agréable à Toussaint, principauté de contes de fées. Là, la magicienne Fringilla déploie ses charmes pour y retenir le sorceleur le plus long...",Format Kindle,"4,6 sur 5 étoiles","15,90 €",1 458 évaluations,Non disponible,Fantasy,https://www.amazon.fr/Dame-lac-Sorceleur-T7-ebook/dp/B00A3FTPGC/ref=sr_1_52,2025-09-03T11:25:39.583426
"Sorceleur (Witcher), T7 : La Dame du lac (traduction révisée)",Andrzej Sapkowski,Prix non disponible,https://m.media-amazon.com/images/I/81m-qfJDo3L._SY342_.jpg,"Série événement sur Netflix, succès mondial du jeu vidéo,",Il ne reste plus que 7 exemplaire(s) en stock (d'autres exemplaires sont en cours d'acheminement).,"4,6 sur 5 étoiles","5,99 €",1 458 évaluations,Non disponible,Fantasy,https://www.amazon.fr/Sorceleur-Witcher-T7-traduction-r%C3%A9vis%C3%A9e/dp/B0F4QG48PY/ref=sr_1_52,2025-09-03T11:25:45.673489
Magic Circus: Tome 1 - La naissance du dragon,Sophie Winter,Prix non disponible,https://m.media-amazon.com/images/I/71VauB5JTAL._SY342_.jpg,"Vous aimez les dragons, les univers magiques et les bas-fonds du Londres du 19ème siècle ? Alors bienvenue dans la saga Magic Circus !",En stock,"4,8 sur 5 étoiles","16,90 €",27 évaluations,Non disponible,Fantasy,https://www.amazon.fr/Magic-Circus-naissance-Sophie-Winter/dp/9893631602/ref=sr_1_53,2025-09-03T11:25:50.706762
Magic Circus: Tome 1 - La naissance du dragon,Sophie Winter,Prix non disponible,https://m.media-amazon.com/images/I/9163j7M15+L._SY342_.jpg,"Vous aimez les dragons, les univers magiques et les bas-fonds du Londres du 19ème siècle ? Alors bienvenue dans la saga Magic Circus !",Format Kindle,"4,8 sur 5 étoiles","21,90 €",27 évaluations,Non disponible,Fantasy,https://www.amazon.fr/Magic-Circus-naissance-Sophie-Winter-ebook/dp/B0FCD3321J/ref=sr_1_53,2025-09-03T11:25:55.593130
Magic Circus: Tome 1 - La naissance du dragon,Sophie Winter,Prix non disponible,https://m.media-amazon.com/images/I/71tdhWuK58L._SY342_.jpg,"Vous aimez les dragons, les univers magiques et les bas-fonds du Londres du 19ème siècle ? Alors bienvenue dans la saga Magic Circus !",En stock,"4,8 sur 5 étoiles","21,90 €",27 évaluations,Non disponible,Fantasy,https://www.amazon.fr/Magic-Circus-naissance-Sophie-Winter/dp/9893569192/ref=sr_1_53,2025-09-03T11:26:01.724384
Les légendes de l'Anneau selon Tolkien - Collector,David Day,Prix non disponible,https://m.media-amazon.com/images/I/81xuzSzqmML._SY342_.jpg,"L’Anneau Unique de Tolkien est au cœur de l’un des plus grands contes fantastiques jamais racontés et est indéniablement devenu un symbole iconique et puissant dans la littérature. S’appuyant sur des siècles de folklore à travers le monde, ce livre est une enquête minutieuse sur le symbolisme de l’a...",Cet article paraîtra le 8 octobre 2025.,"4,9 sur 5 étoiles",Relié – 8 octobre 2025,52 évaluations,Non disponible,Fantasy,https://www.amazon.fr/l%C3%A9gendes-lAnneau-selon-Tolkien-Collector/dp/201728467X/ref=sr_1_67,2025-09-03T11:26:17.577208
Conte de fées,Stephen King,"12,90€",https://m.media-amazon.com/images/I/71IwgsvLGPL._SY342_.jpg,"Charlie Reade ressemble à un lycéen ordinaire, sportif et bon élève. Mais il porte un lourd fardeau : sa mère a été tuée dans un accident avec délit de fuite quand il avait dix ans, et le chagrin a poussé son père à boire. Charlie a appris à en prendre soin. À dix-sept ans, Charlie fait la connaissa...",En stock,"4,5 sur 5 étoiles","11,99 €",1 639 évaluations,Non disponible,Fantasy,https://www.amazon.fr/Conte-f%C3%A9es-Stephen-King/dp/2253909130/ref=sr_1_68,2025-09-03T11:26:22.999860
Conte de fées,Stephen King,"0,00€",https://m.media-amazon.com/images/I/91RVh8J9H4L._SX342_.jpg,Le génie narratif de Stephen King atteint de nouveaux sommets et bouscule les frontières de l'imaginaire.,"Livres audio Audible 

                        – Version intégrale","4,5 sur 5 étoiles","11,99 €",1 639 évaluations,Non disponible,Fantasy,https://www.amazon.fr/Audible-Conte-de-f%C3%A9es/dp/B0C2PXDYPM/ref=sr_1_68,2025-09-03T11:26:27.588379
Conte de fées,Stephen King,Prix non disponible,https://m.media-amazon.com/images/I/81TxDbGV4KL._SY342_.jpg,Prix des lecteurs Babelio 2023 - Catégorie imaginaire.,Format Kindle,"4,5 sur 5 étoiles","24,90 €",1 639 évaluations,Non disponible,Fantasy,https://www.amazon.fr/Conte-f%C3%A9es-Stephen-King-ebook/dp/B0BXZV3R66/ref=sr_1_68,2025-09-03T11:26:33.880435
Conte de fées,Stephen King,"24,90€",https://m.media-amazon.com/images/I/81gkOdIZmoL._SY342_.jpg,Prix des lecteurs Babelio 2023 - Catégorie imaginaire.,En stock,"4,5 sur 5 étoiles","11,99 €",1 639 évaluations,Non disponible,Fantasy,https://www.amazon.fr/Conte-f%C3%A9es-Stephen-King/dp/2226475532/ref=sr_1_68,2025-09-03T11:26:39.033556
Conte de fées: Livre audio 3 CD MP3,Stephen King,Prix non disponible,https://m.media-amazon.com/images/I/8194wpS98wL._SY342_.jpg,Le génie narratif de Stephen King atteint de nouveaux sommets et bouscule les frontières de l’imaginaire.,Il ne reste plus que 2 exemplaire(s) en stock (d'autres exemplaires sont en cours d'acheminement).,"4,5 sur 5 étoiles","11,99 €",1 639 évaluations,Non disponible,Fantasy,https://www.amazon.fr/Conte-f%C3%A9es-Livre-audio-MP3/dp/B0BV1V64RY/ref=sr_1_68,2025-09-03T11:26:43.804456
L'Art de la Fantasy - créatures fantastiques,Zigui Hui,Prix non disponible,https://m.media-amazon.com/images/I/71IT9zr3zTL._SY342_.jpg,"Dans la collection L'Art de la Fantasy"", un opus dédié aux techniques pour dessiner des créatures fantastiques. Un guide unique en son genre pour les étudiants et les concepteurs professionnels.",Il ne reste plus que 6 exemplaire(s) en stock (d'autres exemplaires sont en cours d'acheminement).,"5,0 sur 5 étoiles","Broché – Illustré, 7 novembre 2024",1 évaluation,Non disponible,Fantasy,https://www.amazon.fr/LArt-Fantasy-fantastiques-Zigui-Hui/dp/2809921040/ref=sr_1_69,2025-09-03T11:26:48.977760
La brume des dragons: Romantasy One-shot,L.N .Winter,Prix non disponible,https://m.media-amazon.com/images/I/81TQ8ufhJnL._SY342_.jpg,"Nous naissons du même feu et de ses flammes, nous fusionnons.",Format Kindle,Diapositive précédente des détails du produit,Format Kindle,0 avis,Non disponible,Fantasy,https://www.amazon.fr/brume-dragons-Romantasy-One-shot-ebook/dp/B0FNNN6N7Y/ref=sr_1_70,2025-09-03T11:26:54.484426
Aélis: Mystères de Sorceresses - 1,Fanny Amstein,Prix non disponible,https://m.media-amazon.com/images/I/81vBQkBcJJL._SY342_.jpg,"Au XIVe siècle, posséder le « Don",Format Kindle,"5,0 sur 5 étoiles","19,99 €",2 évaluations,Non disponible,Fantasy,https://www.amazon.fr/A%C3%A9lis-Myst%C3%A8res-Sorceresses-Fanny-Amstein-ebook/dp/B0FKD38WCS/ref=sr_1_73,2025-09-03T11:26:59.542167
Aélis: Mystères de Sorceresses - 1,Fanny Amstein,Prix non disponible,https://m.media-amazon.com/images/I/716duqGhu1L._SY342_.jpg,"Au XIVe siècle, posséder le « Don",En stock,"5,0 sur 5 étoiles",Broché – 1 août 2025,2 évaluations,Non disponible,Fantasy,https://www.amazon.fr/A%C3%A9lis-Myst%C3%A8res-Sorceresses-Fanny-Amstein/dp/B0FK3W8GTC/ref=sr_1_73,2025-09-03T11:27:03.985191
Thriller de l'avent - le roman maudit,Franck Thilliez,Prix non disponible,https://m.media-amazon.com/images/I/61GExi99MFL._SY342_.jpg,"Le premier Thriller de l'avent avec Franck Thilliez ! Attention : le lire, c'est affronter le pire...",Cet article paraîtra le 25 septembre 2025.,Diapositive précédente des détails du produit,"15,99 €",0 avis,Non disponible,Thriller,https://www.amazon.fr/Thriller-lavent-maudit-Franck-Thilliez/dp/B0DYNPGSVB/ref=sr_1_4,2025-09-03T11:27:32.823068
Le roman maudit,Franck THILLIEZ,Prix non disponible,https://m.media-amazon.com/images/I/81gG1e+sONL._SY342_.jpg,"Le premier Thriller de l'avent avec Franck Thilliez !Que feriez-vous si vous trouviez un roman maudit en bas de chez vous ? Un roman qui raconte l'histoire de Léo, 15 ans, kidnappé…un roman qui ressemble de plus en plus à un vrai journal.Que feriez-vous si vous vous réveilliez chaque matin, et réali...",Format Kindle,Diapositive précédente des détails du produit,"18,95 €",0 avis,Non disponible,Thriller,https://www.amazon.fr/roman-maudit-Franck-THILLIEZ-ebook/dp/B0FL7ZRT32/ref=sr_1_4,2025-09-03T11:27:38.289133
Le Roman Maudit,Franck Thilliez,"0,00€",https://m.media-amazon.com/images/I/911AQ85IcVL._SX342_.jpg,"Que feriez-vous si vous trouviez un roman maudit en bas de chez vous ? Un roman qui raconte l'histoire de Léo, 15 ans, kidnappé…un roman qui ressemble de plus en plus à un vrai journal.",Précommander,Diapositive précédente des détails du produit,"15,99 €",0 avis,Non disponible,Thriller,https://www.amazon.fr/Audible-Le-Roman-Maudit/dp/B0FLF3KCLK/ref=sr_1_4,2025-09-03T11:27:44.190490
Mémoires d'un expert psychiatre,Angélina Delcroix,Prix non disponible,https://m.media-amazon.com/images/I/81XkI37YmRL._SY342_.jpg,PRIX COGNAC 2024 DU MEILLEUR ROMAN FRANCOPHONE,En stock,"4,5 sur 5 étoiles","7,99 €",2 101 évaluations,Non disponible,Thriller,https://www.amazon.fr/M%C3%A9moires-expert-psychiatre-Ang%C3%A9lina-Delcroix/dp/2755678623/ref=sr_1_5,2025-09-03T11:27:50.460979
Mémoires d'un expert psychiatre,Angelina Delcroix,"0,00€",https://m.media-amazon.com/images/I/91EmwZQhRcL._SX342_.jpg,"Adam Jacuri est expert psychiatre auprès de la Cour d’appel de Lyon. Arrivant en fin de carrière, il décide de confier ses mémoires à Jessie Maure, auteure de thrillers. Alors qu’il prend la décision de se retirer définitivement du circuit en allant vivre sa retraite en Bretagne près de la forêt de ...","Livres audio Audible 

                        – Version intégrale","4,5 sur 5 étoiles","7,99 €",2 101 évaluations,Non disponible,Thriller,https://www.amazon.fr/Audible-M%C3%A9moires-dun-expert-psychiatre/dp/B0DY2P8SJB/ref=sr_1_5,2025-09-03T11:27:55.691418
Mémoires d'un expert psychiatre (Thriller),Angélina Delcroix,Prix non disponible,https://m.media-amazon.com/images/I/81fYrudlgNL._SY342_.jpg,PRIX COGNAC 2024 DU MEILLEUR ROMAN FRANCOPHONE,Format Kindle,"4,5 sur 5 étoiles","19,95 €",2 101 évaluations,Non disponible,Thriller,https://www.amazon.fr/M%C3%A9moires-dun-expert-psychiatre-Thriller-ebook/dp/B0CDQ9PP3B/ref=sr_1_5,2025-09-03T11:28:01.545854
Mémoires d'un expert psychiatre,Angélina Delcroix,"19,95€",https://m.media-amazon.com/images/I/81KQm9RFyIL._SY342_.jpg,PRIX COGNAC 2024 DU MEILLEUR ROMAN FRANCOPHONE,En stock,"4,5 sur 5 étoiles","7,99 €",2 101 évaluations,Non disponible,Thriller,https://www.amazon.fr/M%C3%A9moires-expert-psychiatre-Ang%C3%A9lina-Delcroix/dp/2755670231/ref=sr_1_5,2025-09-03T11:28:07.662256
LES DONNÉES FANTÔMES : Thriller Intelligence Artificielle - Quand l'Amour Maternel Défie la Résurrection Numérique: Un thriller technologique ... artificielle - Suspense Emouvant,PABLO DELEBEL,Prix non disponible,https://m.media-amazon.com/images/I/61zA2R2xJDL._SY342_.jpg,"👉 Quand votre enfant meurt, que feriez-vous pour le retrouver ?",En stock,"5,0 sur 5 étoiles","5,99 €",1 évaluation,Non disponible,Thriller,https://www.amazon.fr/DONN%C3%89ES-FANT%C3%94MES-Intelligence-Artificielle-technologique/dp/B0FLWJ1JZL/ref=sr_1_6,2025-09-03T11:28:13.575296
LES DONNÉES FANTÔMES : Thriller Intelligence Artificielle - Quand l'Amour Maternel Défie la Résurrection Numérique: Un thriller technologique émouvant ... TECHNOLOGIQUES - Par Pablo Delebel t. 2),PABLO DELEBEL,Prix non disponible,https://m.media-amazon.com/images/I/61Yc730ca1L._SY342_.jpg,"👉 Quand votre enfant meurt, que feriez-vous pour le retrouver ?",Format Kindle,"5,0 sur 5 étoiles","10,54 €",1 évaluation,Non disponible,Thriller,https://www.amazon.fr/DONN%C3%89ES-FANT%C3%94MES-Intelligence-technologique-TECHNOLOGIQUES-ebook/dp/B0FLVVP2WX/ref=sr_1_6,2025-09-03T11:28:23.917425
La Meute. Nouveauté poche 2025. L'une des révélations du monde du thriller.,Olivier Bal,"9,90€",https://m.media-amazon.com/images/I/61GlZuNUn3L._SY342_.jpg,Un duo d'enquêteurs s'attellent à une affaire glaçante croisant fanatisme et quêtes identitaires.,En stock,"4,2 sur 5 étoiles","13,99 €",664 évaluations,Non disponible,Thriller,https://www.amazon.fr/Meute-Nouveaut%C3%A9-poche-r%C3%A9v%C3%A9lations-thriller/dp/2266348531/ref=sr_1_7,2025-09-03T11:28:29.682335
LES LOCATAIRES,Frédéric BROEDERS,"18,99€",https://m.media-amazon.com/images/I/71m4KQox-cL._SY342_.jpg,"Alexandre Lambert, entrepreneur immobilier, vient de faire l’acquisition d’un immeuble de quatorze appartements qu’il met en location. Tous les logements ont un point commun : ils sont équipés de caméras de surveillance, ce qui lui permet de suivre, depuis son habitation, les moindres faits et geste...",En stock,"4,3 sur 5 étoiles",Broché – 10 mai 2025,39 évaluations,Non disponible,Thriller,https://www.amazon.fr/LOCATAIRES-Fr%C3%A9d%C3%A9ric-BROEDERS/dp/2959416600/ref=sr_1_19,2025-09-03T11:28:48.733086
LES LOCATAIRES,Frédéric BROEDERS,Prix non disponible,https://m.media-amazon.com/images/I/71JerQsEAqL._SY342_.jpg,"Alexandre Lambert, entrepreneur immobilier, vient de faire l’acquisition d’un immeuble de quatorze appartements qu’il met en location. Tous les logements ont un point commun : ils sont équipés de caméras de surveillance, ce qui lui permet de suivre, depuis son habitation, les moindres faits et geste...",Format Kindle,"4,3 sur 5 étoiles","18,99 €",39 évaluations,Non disponible,Thriller,https://www.amazon.fr/LOCATAIRES-Fr%C3%A9d%C3%A9ric-BROEDERS-ebook/dp/B0F8TR9M9R/ref=sr_1_19,2025-09-03T11:28:53.387779
Tu ne la mérites pas: Un thriller psychologique captivant au dénouement inattendu,Ruth  Heald,Prix non disponible,https://m.media-amazon.com/images/I/81q5lY2kPzL._SY342_.jpg,"« Quel livre fantastique ! Chaque mot de chaque page était un pur régal... Un thriller psychologique brillamment addictif, plein de rebondissements et qui m'a tenue en haleine du début à la fin. » Critique Netgalley",Format Kindle,"4,2 sur 5 étoiles","14,99 €",1 259 évaluations,Non disponible,Thriller,https://www.amazon.fr/m%C3%A9rites-pas-psychologique-captivant-d%C3%A9nouement-ebook/dp/B0F8JXWS5C/ref=sr_1_20,2025-09-03T11:28:58.652710
Tu ne la mérites pas: Un thriller psychologique captivant au dénouement inattendu,Ruth Heald,Prix non disponible,https://m.media-amazon.com/images/I/61mOYCZt+3L._SY342_.jpg,"« Quel livre fantastique ! Chaque mot de chaque page était un pur régal... Un thriller psychologique brillamment addictif, plein de rebondissements et qui m'a tenue en haleine du début à la fin. » Critique Netgalley",En stock,"4,2 sur 5 étoiles",Broché – 3 juin 2025,1 259 évaluations,Non disponible,Thriller,https://www.amazon.fr/m%C3%A9rites-pas-psychologique-captivant-d%C3%A9nouement/dp/B0F8WCHHNT/ref=sr_1_20,2025-09-03T11:29:03.631131
Dis adieu à la vie (Un thriller Alison Payne — tome 1),Blake Pierce,Prix non disponible,https://m.media-amazon.com/images/I/81zYJptcblL._SY342_.jpg,"“Un chef-d'œuvre de thriller et de mystère.” — Chroniques Littéraires et Cinématographiques, Roberto Mattos (à propos de Sans Laisser de Traces) ⭐⭐⭐⭐⭐La Docteure Alison Payne, psychologue en milieu carcéral, a interrogé des centaines de tueurs condamnés, plaidant pour leur libération ou déterminant ...",Format Kindle,"4,0 sur 5 étoiles",Format Kindle,99 évaluations,Classement des meilleures ventes d'Amazon :  n°12 des titres gratuits dans la Boutique Kindle (Voir les 100 premiers en Boutique Kindle)   4 en Livres électroniques sur les femmes détectives,Thriller,https://www.amazon.fr/Dis-adieu-thriller-Alison-Payne-ebook/dp/B0FJZPHJK5/ref=sr_1_21,2025-09-03T11:29:09.878986
Dans mon ombre,Claire McGowan,Prix non disponible,https://m.media-amazon.com/images/I/81HKSFpkBeL._SY342_.jpg,Une femme peut en cacher une autre...,En stock,"4,2 sur 5 étoiles","5,99 €",1 134 évaluations,Non disponible,Thriller,https://www.amazon.fr/Dans-mon-ombre-Claire-McGowan/dp/2381229612/ref=sr_1_22,2025-09-03T11:29:16.162803
Dans mon ombre (Hauteville Suspense),Claire McGowan,Prix non disponible,https://m.media-amazon.com/images/I/81HKSFpkBeL._SY342_.jpg,Une femme peut en cacher une autre...,Format Kindle,"4,2 sur 5 étoiles","19,95 €",1 134 évaluations,Non disponible,Thriller,https://www.amazon.fr/Dans-mon-ombre-Claire-McGowan-ebook/dp/B0BXY9XQBD/ref=sr_1_22,2025-09-03T11:29:21.197341
Dans mon ombre,Claire McGowan,"0,00€",https://m.media-amazon.com/images/I/91JmoJ7JhVL._SX342_.jpg,"Il n’y a pas si longtemps, Suzi a commis l’irréparable. Elle en paie le prix à présent : enceinte et terrorisée, elle vit dans un cottage isolé avec son mari, Nick, véritable maniaque du contrôle. Quand Nora s’installe dans la seule maison à proximité, Suzi est ravie d’avoir enfin une amie. À tel po...","Livres audio Audible 

                        – Version intégrale","4,2 sur 5 étoiles","5,99 €",1 134 évaluations,Non disponible,Thriller,https://www.amazon.fr/Audible-Dans-mon-ombre/dp/B0F48VLGPX/ref=sr_1_22,2025-09-03T11:29:26.517106
Dans mon ombre,Claire McGowan,"19,95€",https://m.media-amazon.com/images/I/81b6ZGwC0dL._SY342_.jpg,Une femme peut en cacher une autre...,Il ne reste plus que 10 exemplaire(s) en stock (d'autres exemplaires sont en cours d'acheminement).,"4,2 sur 5 étoiles","5,99 €",1 134 évaluations,Non disponible,Thriller,https://www.amazon.fr/Dans-mon-ombre-Claire-McGowan/dp/2381225137/ref=sr_1_22,2025-09-03T11:29:33.171771
J'aurais aimé te tuer: Un thriller captivant récompensé par le Prix Cognac du meilleur roman francophone,Pétronille Rostagnat,"8,10€",https://m.media-amazon.com/images/I/71v4TYXDanL._SY342_.jpg,"Laura Turrel se présente un matin au commissariat de Versailles pour s’accuser du meurtre de Bruno Delaunay, un homme qui aurait tenté de la violer. Le commandant Damien Deguire et son second, Jonathan Pigeon, recueillent ses aveux. Légitime défense ? Crime prémédité ? Le doute s’installe rapidement...",En stock,"4,3 sur 5 étoiles","6,99 €",1 691 évaluations,Non disponible,Thriller,https://www.amazon.fr/Jaurais-aim%C3%A9-tuer-r%C3%A9compens%C3%A9-francophone/dp/B0BRPT1VYT/ref=sr_1_25,2025-09-03T11:29:39.159049
